"Longitude","Latitude","X","Y","species"
-89.689961,17.90741,-9984240.78778857,1948841.29956691,"Tapirus bairdii"
-89.322386,18.643769,-9943322.52596023,2026258.02195815,"Tapirus bairdii"
-90.941068,16.112573,-10123513.3819565,1758850.49454747,"Tapirus bairdii"
-88.92516,19.32211,-9899103.52991038,2097286.04399507,"Tapirus bairdii"
-88.95,19.33014,-9901868.70606168,2098125.15176589,"Tapirus bairdii"
-89.07397,19.32437,-9915668.98333533,2097522.21040233,"Tapirus bairdii"
-95.76497,16.91013,-10660507.6962331,1843494.0023792,"Tapirus bairdii"
-95.76804,16.91608,-10660849.4470699,1844124.176368,"Tapirus bairdii"
-95.85864,17.20006,-10670934.9929357,1874178.25452232,"Tapirus bairdii"
-95.79919,17.20518,-10664317.0492081,1874719.7023426,"Tapirus bairdii"
-95.83028,17.20526,-10667777.9721768,1874728.16234883,"Tapirus bairdii"
-95.84481,17.20571,-10669395.4443781,1874775.74981741,"Tapirus bairdii"
-95.85102,17.21155,-10670086.7384159,1875393.3191679,"Tapirus bairdii"
-89.37764,17.8996,-9949473.37310452,1948018.49230319,"Tapirus bairdii"
-83.68333,12.62916,-9315585.68348547,1385475.3878224,"Tapirus bairdii"
-83.75075,12.43756,-9323090.84355476,1364781.18706693,"Tapirus bairdii"
-83.64604,12.69511,-9311434.57967379,1392594.98708307,"Tapirus bairdii"
-83.6867,12.74376,-9315960.83016945,1397845.82112052,"Tapirus bairdii"
-83.918,11.37455,-9341709.02838993,1249704.31967728,"Tapirus bairdii"
-83.94331,11.29486,-9344526.52470191,1241060.05078182,"Tapirus bairdii"
-83.96161,11.26359,-9346563.67138343,1237667.43819265,"Tapirus bairdii"
-83.94334,11.29486,-9344529.86428663,1241060.05078182,"Tapirus bairdii"
-83.98658,11.31158,-9349343.31906853,1242873.92549429,"Tapirus bairdii"
-83.64611,12.69505,-9311442.37203815,1392588.5106292,"Tapirus bairdii"
-83.65967,12.69168,-9312951.86433331,1392224.74741307,"Tapirus bairdii"
-83.74207,12.37335,-9322124.59037467,1357842.69789959,"Tapirus bairdii"
-83.76244,12.33421,-9324392.16840213,1353612.43989933,"Tapirus bairdii"
-83.74777,12.42397,-9322759.11147219,1363312.79997512,"Tapirus bairdii"
-83.75333,12.3972,-9323378.047841,1360420.10728761,"Tapirus bairdii"
-83.6329,12.9278,-9309971.84156477,1417700.48782847,"Tapirus bairdii"
-83.58642,12.97986,-9304797.7116327,1423314.26370981,"Tapirus bairdii"
-83.63052,12.94593,-9309706.90117668,1419655.62633922,"Tapirus bairdii"
-83.62107,12.97444,-9308654.93198869,1422729.8632539,"Tapirus bairdii"
-83.59524,12.96859,-9305779.5495415,1422099.08499493,"Tapirus bairdii"
-83.6025,12.92846,-9306587.72904465,1417771.66463196,"Tapirus bairdii"
-83.76241,12.33421,-9324388.82881741,1353612.43989933,"Tapirus bairdii"
-83.59518,12.9686,-9305772.87037205,1422100.1632607,"Tapirus bairdii"
-83.62125,12.97487,-9308674.96949703,1422776.22758111,"Tapirus bairdii"
-83.99189,11.31112,-9349934.42556465,1242824.02362184,"Tapirus bairdii"
-83.92181,11.36992,-9342133.15564985,1249202.15077181,"Tapirus bairdii"
-83.88449,11.39503,-9337978.71225345,1251925.48107997,"Tapirus bairdii"
-83.87299,11.40139,-9336698.53810933,1252615.22410277,"Tapirus bairdii"
-83.6829,11.6163,-9315537.81610443,1275913.35283698,"Tapirus bairdii"
-83.78334,12.55998,-9326718.74575971,1378005.17250673,"Tapirus bairdii"
-83.79803,12.50977,-9328354.02907946,1372582.15419348,"Tapirus bairdii"
-83.87278,11.40138,-9336675.16101626,1252614.13961297,"Tapirus bairdii"
-83.68341,12.62911,-9315594.58904474,1385469.98941734,"Tapirus bairdii"
-83.68024,12.6271,-9315241.70625892,1385252.97268257,"Tapirus bairdii"
-83.67794,12.62828,-9314985.6714301,1385380.37574326,"Tapirus bairdii"
-83.79803,12.50989,-9328354.02907946,1372595.11622869,"Tapirus bairdii"
-83.68687,12.74371,-9315979.75448288,1397840.42508365,"Tapirus bairdii"
-83.58248,12.93053,-9304359.11283897,1417994.89978038,"Tapirus bairdii"
-83.92934,11.379,-9342971.39141553,1250186.95832204,"Tapirus bairdii"
-83.87331,11.40012,-9336734.16034638,1252477.49360023,"Tapirus bairdii"
-83.67658,12.62702,-9314834.27692262,1385244.3351662,"Tapirus bairdii"
-83.84647,12.42326,-9333746.34521349,1363236.08306747,"Tapirus bairdii"
-83.67986,12.62865,-9315199.40485242,1385420.32404263,"Tapirus bairdii"
-83.84475,12.42335,-9333554.87568932,1363245.80775719,"Tapirus bairdii"
-83.86351,11.41685,-9335643.22933661,1254291.80084844,"Tapirus bairdii"
-83.84054,12.42279,-9333086.22063309,1363185.29852338,"Tapirus bairdii"
-83.62376,12.93399,-9308954.38141892,1418368.03276258,"Tapirus bairdii"
-83.86084,11.41363,-9335346.00629619,1253942.61173242,"Tapirus bairdii"
-83.88332,11.41166,-9337848.46844922,1253728.97549428,"Tapirus bairdii"
-83.87252,11.41018,-9336646.21794865,1253568.47625343,"Tapirus bairdii"
-83.78298,12.52349,-9326678.67074302,1374064.10884332,"Tapirus bairdii"
-83.61468,12.92619,-9307943.60044252,1417526.85879599,"Tapirus bairdii"
-83.58248,12.92906,-9304359.11283897,1417836.37065779,"Tapirus bairdii"
-83.63291,12.92595,-9309972.95475968,1417500.97611384,"Tapirus bairdii"
-83.719,12.63657,-9319556.44972207,1386275.42007634,"Tapirus bairdii"
-83.88273,11.40756,-9337782.78994965,1253284.34722015,"Tapirus bairdii"
-83.6786,12.62832,-9315059.14229402,1385384.69448104,"Tapirus bairdii"
-83.78298,12.42566,-9326678.67074302,1363495.40700467,"Tapirus bairdii"
-83.64102,12.93205,-9310875.75583001,1418158.820093,"Tapirus bairdii"
-83.62469,12.96732,-9309057.90854536,1421962.14489897,"Tapirus bairdii"
-83.62808,12.94276,-9309435.28161915,1419313.78365204,"Tapirus bairdii"
-83.63569,12.92595,-9310282.42294408,1417500.97611384,"Tapirus bairdii"
-83.64102,12.9283,-9310875.75583001,1417754.40966614,"Tapirus bairdii"
-83.63823,12.92794,-9310565.1744507,1417715.58595362,"Tapirus bairdii"
-83.62885,12.94335,-9309520.99762706,1419377.4076907,"Tapirus bairdii"
-83.62698,12.94125,-9309312.83017927,1419150.94857967,"Tapirus bairdii"
-83.74788,12.424,-9322771.35661618,1363316.0415301,"Tapirus bairdii"
-83.74877,12.41883,-9322870.43096299,1362757.40817601,"Tapirus bairdii"
-83.76236,12.33429,-9324383.26284287,1353621.08694191,"Tapirus bairdii"
-83.67689,12.62447,-9314868.78596476,1384969.01295238,"Tapirus bairdii"
-83.6465,12.69491,-9311485.78663956,1392573.39889769,"Tapirus bairdii"
-83.69823,12.62078,-9317244.34389829,1384570.60077849,"Tapirus bairdii"
-83.9864,11.30716,-9349323.28156019,1242394.43036077,"Tapirus bairdii"
-83.84693,12.42411,-9333797.55217925,1363327.92722859,"Tapirus bairdii"
-83.9864,11.31126,-9349323.28156019,1242839.2111565,"Tapirus bairdii"
-83.65998,12.69211,-9312986.37337545,1392271.16256552,"Tapirus bairdii"
-83.9418,11.29282,-9344358.43227081,1240838.7336561,"Tapirus bairdii"
-83.72157,12.63796,-9319842.54081341,1386425.49108556,"Tapirus bairdii"
-83.76283,12.38551,-9324435.58300354,1359156.82713753,"Tapirus bairdii"
-83.9854,11.30931,-9349211.9620694,1242627.66984403,"Tapirus bairdii"
-83.8603,11.41308,-9335285.89377116,1253882.96724277,"Tapirus bairdii"
-83.79263,12.56654,-9327752.90382918,1378713.62059499,"Tapirus bairdii"
-83.8699,11.42448,-9336354.56088278,1255119.21181641,"Tapirus bairdii"
-83.7179,11.58072,-9319433.9982822,1272057.36873168,"Tapirus bairdii"
-83.94331,11.29485,-9344526.52470191,1241058.96589769,"Tapirus bairdii"
-83.68034,12.62716,-9315252.838208,1385259.45081812,"Tapirus bairdii"
-83.78336,12.5587,-9326720.97214953,1377866.93667981,"Tapirus bairdii"
-83.64546,12.69524,-9311370.01436913,1392609.0193947,"Tapirus bairdii"
-83.89888,11.40521,-9339580.59972597,1253029.49648691,"Tapirus bairdii"
-83.5907,12.92891,-9305274.15905329,1417820.19416555,"Tapirus bairdii"
-83.78159,12.56061,-9326523.93665082,1378073.2102066,"Tapirus bairdii"
-83.65981,12.69179,-9312967.44906202,1392236.621064,"Tapirus bairdii"
-83.6239,12.93503,-9308969.96614763,1418480.18735537,"Tapirus bairdii"
-83.79635,12.50803,-9328167.01233493,1372394.20402342,"Tapirus bairdii"
-83.65693,11.61336,-9312646.84892853,1275594.74836027,"Tapirus bairdii"
-83.65688,11.6133,-9312641.28295399,1275588.246194,"Tapirus bairdii"
-83.66879,11.66177,-9313967.09808934,1280840.46791214,"Tapirus bairdii"
-83.59585,12.96864,-9305847.45443088,1422104.47632335,"Tapirus bairdii"
-83.91937,11.36919,-9341861.53609232,1249122.97438721,"Tapirus bairdii"
-83.783,12.56025,-9326680.89713284,1378034.33154085,"Tapirus bairdii"
-83.95998,11.26719,-9346382.22061343,1238058.03551114,"Tapirus bairdii"
-83.96206,11.26332,-9346613.76515428,1237638.14320178,"Tapirus bairdii"
-83.98667,11.31206,-9349353.33782271,1242925.99693012,"Tapirus bairdii"
-83.75861,12.56134,-9323965.81475239,1378152.04733821,"Tapirus bairdii"
-83.88449,11.39465,-9337978.71225345,1251884.26954282,"Tapirus bairdii"
-83.79586,12.50563,-9328112.46578444,1372134.96038484,"Tapirus bairdii"
-83.76761,12.56245,-9324967.69016953,1378271.92255873,"Tapirus bairdii"
-83.96929,11.2344,-9347418.60507272,1234500.16922732,"Tapirus bairdii"
-83.97564,11.26499,-9348125.48383926,1237819.33771576,"Tapirus bairdii"
-83.95171,11.26994,-9345461.60842457,1238356.40525373,"Tapirus bairdii"
-83.95387,11.27184,-9345702.05852468,1238562.54999737,"Tapirus bairdii"
-83.95383,11.27471,-9345697.60574505,1238873.93454057,"Tapirus bairdii"
-83.74856,12.42223,-9322847.05386992,1363124.78916262,"Tapirus bairdii"
-83.71904,12.63665,-9319560.9025017,1386284.0572783,"Tapirus bairdii"
-83.86048,11.41286,-9335305.9312795,1253859.10941538,"Tapirus bairdii"
-83.88406,11.3946,-9337930.84487241,1251878.84696814,"Tapirus bairdii"
-83.90204,11.3909,-9339932.36931687,1251477.57386418,"Tapirus bairdii"
-83.8699,11.42445,-9336354.56088278,1255115.95860475,"Tapirus bairdii"
-83.87293,11.40148,-9336691.85893988,1252624.98450933,"Tapirus bairdii"
-83.7816,12.54919,-9326525.04984573,1376839.86669517,"Tapirus bairdii"
-83.7828,12.52331,-9326658.63323468,1374044.66678668,"Tapirus bairdii"
-83.79764,12.50879,-9328310.61447805,1372476.29735293,"Tapirus bairdii"
-83.78278,12.55936,-9326656.40684487,1377938.21461179,"Tapirus bairdii"
-83.76759,12.5624,-9324965.46377972,1378266.52278487,"Tapirus bairdii"
-83.61437,12.62216,-9307909.09140037,1384719.60110875,"Tapirus bairdii"
-84.18185,14.22551,-9371080.67603574,1557284.20427289,"Tapirus bairdii"
-84.17023,14.23376,-9369787.14355272,1558169.16884815,"Tapirus bairdii"
-84.3191,13.61847,-9386359.27614711,1492082.7605829,"Tapirus bairdii"
-84.30495,13.62183,-9384784.10535239,1492444.11031772,"Tapirus bairdii"
-84.29665,13.82761,-9383860.1535788,1514565.04412192,"Tapirus bairdii"
-84.28438,13.8089,-9382494.26342677,1512554.54017695,"Tapirus bairdii"
-84.30241,13.81417,-9384501.35384577,1513120.84983456,"Tapirus bairdii"
-84.59077,14.13398,-9416601.44221092,1547463.81580606,"Tapirus bairdii"
-84.62239,14.14608,-9420121.36450981,1548762.26408907,"Tapirus bairdii"
-84.61608,14.16629,-9419418.9385229,1550930.84438983,"Tapirus bairdii"
-84.60175,14.17144,-9417823.73021983,1551483.42136326,"Tapirus bairdii"
-84.59613,14.15809,-9417198.11468158,1550050.98787281,"Tapirus bairdii"
-84.59676,14.18704,-9417268.24596077,1553157.17213508,"Tapirus bairdii"
-84.02607,14.49437,-9353739.32575996,1586108.08209118,"Tapirus bairdii"
-83.87583,14.33372,-9337014.68546318,1568889.21237189,"Tapirus bairdii"
-83.89066,12.01639,-9338665.55351164,1319239.76799604,"Tapirus bairdii"
-83.87852,12.01244,-9337314.13489341,1318812.31896379,"Tapirus bairdii"
-83.71438,11.81272,-9319042.15367461,1297191.70860913,"Tapirus bairdii"
-83.71328,11.82772,-9318919.70223473,1298816.06451788,"Tapirus bairdii"
-84.07817,14.63439,-9359539.07123029,1601105.86077539,"Tapirus bairdii"
-84.09119,14.63132,-9360988.45100042,1600777.12758414,"Tapirus bairdii"
-84.14266,14.53512,-9366718.06519155,1590473.84055039,"Tapirus bairdii"
-84.15451,14.54919,-9368037.20115745,1591981.05034063,"Tapirus bairdii"
-84.12513,14.52504,-9364766.63451794,1589393.99093487,"Tapirus bairdii"
-84.20378,14.48676,-9373521.91246883,1585292.69660839,"Tapirus bairdii"
-84.2105,14.47589,-9374269.97944696,1584127.96596335,"Tapirus bairdii"
-84.22526,14.47736,-9375913.05513107,1584285.48108826,"Tapirus bairdii"
-83.87961,14.18619,-9337435.47313838,1553065.97706799,"Tapirus bairdii"
-84.07771,13.45582,-9359487.86426453,1474584.67626582,"Tapirus bairdii"
-84.05627,13.47364,-9357101.17438192,1476502.34120489,"Tapirus bairdii"
-84.02738,13.44456,-9353885.1542929,1473372.88135413,"Tapirus bairdii"
-83.90182,13.4211,-9339907.8790289,1470847.9510676,"Tapirus bairdii"
-84.02909,13.35528,-9354075.51062216,1463762.65712445,"Tapirus bairdii"
-84.03097,13.33741,-9354284.79126485,1461838.68830784,"Tapirus bairdii"
-83.86096,13.50429,-9335359.36463508,1479800.35596941,"Tapirus bairdii"
-83.86679,13.57315,-9336008.35726641,1487208.35251451,"Tapirus bairdii"
-83.90429,13.59115,-9340182.83817116,1489144.45744944,"Tapirus bairdii"
-83.94563,13.57938,-9344784.78592055,1487878.47615148,"Tapirus bairdii"
-84.27493,13.33713,-9381442.29423877,1461808.54107819,"Tapirus bairdii"
-84.26644,13.4085,-9380497.19176194,1469491.75112159,"Tapirus bairdii"
-84.28313,13.40248,-9382355.11406328,1468843.76445726,"Tapirus bairdii"
-83.88587,11.99626,-9338132.33315074,1317061.33740602,"Tapirus bairdii"
-90.9186,16.1636,-10121012.2556373,1764276.04257955,"Tapirus bairdii"
-92.8075,15.6569,-10331283.6417967,1710340.28030381,"Tapirus bairdii"
-91.0833,16.7167,-10139346.575771,1822996.9898086,"Tapirus bairdii"
-93.5906,16.21,-10418457.9350369,1769208.4301233,"Tapirus bairdii"
-91.0653,16.7089,-10137342.8249367,1822170.02768363,"Tapirus bairdii"
-93.9258,16.3625,-10455772.2283509,1785411.40793464,"Tapirus bairdii"
-93.5586,16.8528,-10414895.7113316,1837421.09724189,"Tapirus bairdii"
-89.75,18.2333,-9990924.2986963,1983143.09773461,"Tapirus bairdii"
-91.3667,16.8,-10170894.5194618,1831826.46140902,"Tapirus bairdii"
-91.3306,16.7347,-10166875.8858442,1824905.23804952,"Tapirus bairdii"
-91.1833,16.7333,-10150478.5248503,1824756.82504499,"Tapirus bairdii"
-91.1536,16.8306,-10147172.3359737,1835068.99249165,"Tapirus bairdii"
-91.1167,16.7167,-10143064.6467635,1822996.9898086,"Tapirus bairdii"
-91.05,16.55,-10135639.6367276,1805316.17000162,"Tapirus bairdii"
-90.9508,16.1067,-10124596.7432409,1758225.94860555,"Tapirus bairdii"
-90.9167,16.4,-10120800.7486048,1789393.86000144,"Tapirus bairdii"
-90.9017,16.1583,-10119130.9562429,1763712.57294437,"Tapirus bairdii"
-89.4167,18.65,-9953821.5124149,2026911.73772913,"Tapirus bairdii"
-89.3972,18.6,-9951650.78234444,2021665.40540008,"Tapirus bairdii"
-89.2653,18.61,-9936967.7415088,2022714.79230326,"Tapirus bairdii"
-90.103,17.8849,-10030220.0789463,1946469.70671115,"Tapirus bairdii"
-90.8836,16.1465,-10117116.0734596,1762458.0027496,"Tapirus bairdii"
-93.8645,16.332,-10448948.3435652,1782171.79637418,"Tapirus bairdii"
-93.8495,16.3322,-10447278.5512033,1782193.04133514,"Tapirus bairdii"
-88.9363,19.2364,-9900343.62903782,2088327.13520224,"Tapirus bairdii"
-89.2173,19.2368,-9931624.40595073,2088368.95615398,"Tapirus bairdii"
-88.9324,19.2413,-9899909.48302372,2088839.43500785,"Tapirus bairdii"
-88.9176,19.2503,-9898261.95455998,2089780.35494445,"Tapirus bairdii"
-88.892,19.2599,-9895412.17559567,2090783.94734565,"Tapirus bairdii"
-88.8883,19.2599,-9895000.29347974,2090783.94734565,"Tapirus bairdii"
-89.7831,18.1043,-9994608.97384156,1969572.53739115,"Tapirus bairdii"
-90.0962,18.0106,-10029463.1064089,1959709.35411872,"Tapirus bairdii"
-87.7924,19.7289,-9773005.26351939,2139743.23918735,"Tapirus bairdii"
-87.7874,19.7205,-9772448.66606542,2138867.57895059,"Tapirus bairdii"
-87.7853,19.7174,-9772214.89513476,2138544.40727475,"Tapirus bairdii"
-87.7851,19.7171,-9772192.6312366,2138513.13227175,"Tapirus bairdii"
-87.8229,19.7139,-9776400.50798859,2138179.52867499,"Tapirus bairdii"
-87.7447,19.9072,-9767695.32380855,2158319.53868517,"Tapirus bairdii"
-87.7446,19.9074,-9767684.19185947,2158340.36437665,"Tapirus bairdii"
-87.7405,19.9115,-9767227.78194722,2158767.28538751,"Tapirus bairdii"
-87.7358,19.9164,-9766704.58034049,2159277.49388764,"Tapirus bairdii"
-87.7357,19.9164,-9766693.44839141,2159277.49388764,"Tapirus bairdii"
-87.7243,19.9276,-9765424.40619637,2160443.62678088,"Tapirus bairdii"
-87.6221,19.7866,-9754047.5542373,2145756.97537096,"Tapirus bairdii"
-87.6231,19.7843,-9754158.87372809,2145517.30037397,"Tapirus bairdii"
-87.7507,19.901,-9768363.24075331,2157673.92950232,"Tapirus bairdii"
-87.7651,19.8866,-9769966.24142073,2156174.35484822,"Tapirus bairdii"
-87.7665,19.8851,-9770122.08870785,2156018.14149875,"Tapirus bairdii"
-87.7702,19.8816,-9770533.97082378,2155653.63806722,"Tapirus bairdii"
-87.7705,19.8806,-9770567.36667102,2155549.49278565,"Tapirus bairdii"
-87.7712,19.8808,-9770645.29031457,2155570.32189331,"Tapirus bairdii"
-87.7709,19.8807,-9770611.89446734,2155559.90734268,"Tapirus bairdii"
-90.9653,16.1017,-10126210.8758574,1757694.22492831,"Tapirus bairdii"
-90.9289,16.1448,-10122158.8463925,1762277.25357221,"Tapirus bairdii"
-90.9354,16.1481,-10122882.4230826,1762628.11823917,"Tapirus bairdii"
-90.9327,16.1474,-10122581.8604575,1762553.69287754,"Tapirus bairdii"
-90.9679,16.1018,-10126500.3065334,1757704.85952989,"Tapirus bairdii"
-90.9018,16.1618,-10119142.088192,1764084.67718561,"Tapirus bairdii"
-90.9043,16.1576,-10119420.386919,1763638.1513253,"Tapirus bairdii"
-88.0654,19.2985,-9803395.48450595,2094818.64595793,"Tapirus bairdii"
-88.0436,19.2718,-9800968.71960666,2092027.90415094,"Tapirus bairdii"
-88.0481,19.1755,-9801469.65731523,2081958.7363113,"Tapirus bairdii"
-88.0606,19.3005,-9802861.15095015,2095027.67240118,"Tapirus bairdii"
-87.6172,19.7855,-9753502.08873241,2145642.34862006,"Tapirus bairdii"
-87.737,19.8928,-9766838.16372944,2156820.02136923,"Tapirus bairdii"
-89.1939,18.6817,-9929019.52986616,2030237.13165357,"Tapirus bairdii"
-89.4774,18.2466,-9960578.60550606,1984541.67584937,"Tapirus bairdii"
-89.8155,18.1299,-9998215.72534326,1972266.38749453,"Tapirus bairdii"
-89.8101,18.1435,-9997614.60009298,1973697.33899028,"Tapirus bairdii"
-89.2053,18.729,-9930288.57206121,2035197.8680096,"Tapirus bairdii"
-89.2807,18.6361,-9938682.06166702,2025453.40849597,"Tapirus bairdii"
-89.2854,18.5943,-9939205.26327375,2021067.22794656,"Tapirus bairdii"
-89.1776,18.7387,-9927205.02216623,2036215.01872294,"Tapirus bairdii"
-89.2175,18.7072,-9931646.66984888,2032911.69253288,"Tapirus bairdii"
-89.2345,18.6289,-9933539.10119237,2024697.96915044,"Tapirus bairdii"
-89.4774,18.2465,-9960578.60550606,1984531.16061404,"Tapirus bairdii"
-89.4784,18.2475,-9960689.92499685,1984636.31270165,"Tapirus bairdii"
-89.5134,18.2401,-9964586.10717461,1983858.17327334,"Tapirus bairdii"
-89.5145,18.2066,-9964708.55861449,1980335.11088827,"Tapirus bairdii"
-89.5146,18.2069,-9964719.69056357,1980366.66363651,"Tapirus bairdii"
-89.5153,18.2058,-9964797.61420712,1980250.96996704,"Tapirus bairdii"
-89.2099,18.6749,-9930800.64171886,2029523.84905232,"Tapirus bairdii"
-89.2802,18.6381,-9938626.40192162,2025663.24721434,"Tapirus bairdii"
-89.2801,18.638,-9938615.26997254,2025652.75533568,"Tapirus bairdii"
-89.2807,18.6364,-9938682.06166702,2025484.88445742,"Tapirus bairdii"
-89.2563,18.6926,-9935965.86609166,2031380.42342431,"Tapirus bairdii"
-89.2548,18.6926,-9935798.88685547,2031380.42342431,"Tapirus bairdii"
-89.2525,18.6915,-9935542.85202665,2031265.04861311,"Tapirus bairdii"
-89.2529,18.6921,-9935587.37982297,2031327.98041898,"Tapirus bairdii"
-89.2337,18.7367,-9933450.04559973,2036005.30159101,"Tapirus bairdii"
-89.2497,18.6896,-9935231.15745243,2031065.76312571,"Tapirus bairdii"
-89.2496,18.6897,-9935220.02550335,2031076.25188997,"Tapirus bairdii"
-89.2491,18.6925,-9935164.36575795,2031369.93483533,"Tapirus bairdii"
-89.2549,18.6466,-9935810.01880455,2026555.03486639,"Tapirus bairdii"
-94.2908,17.2605,-10496403.8424904,1880568.9438648,"Tapirus bairdii"
-94.2921,17.2647,-10496548.5578284,1881012.95960659,"Tapirus bairdii"
-92.8408,15.6694,-10334990.5808402,1711672.43209723,"Tapirus bairdii"
-92.8425,15.6654,-10335179.8239745,1711246.15216973,"Tapirus bairdii"
-92.8476,15.6666,-10335747.5533775,1711374.03700262,"Tapirus bairdii"
-92.8455,15.6709,-10335513.7824469,1711832.28497141,"Tapirus bairdii"
-92.8126,15.6598,-10331851.3711998,1710649.34659893,"Tapirus bairdii"
-92.8049,15.6524,-10330994.2111207,1709860.68620907,"Tapirus bairdii"
-92.7904,15.641,-10329380.0785042,1708645.66844675,"Tapirus bairdii"
-92.7916,15.6438,-10329513.6618931,1708944.09997877,"Tapirus bairdii"
-96.1797,17.5561,-10706675.2286498,1911794.9702166,"Tapirus bairdii"
-96.0278,17.2567,-10689765.7979983,1880167.20683514,"Tapirus bairdii"
-89.9273,20.2461,-10010661.2444139,2193571.59247921,"Tapirus bairdii"
-89.4333,18.7336,-9955669.41596207,2035680.23524731,"Tapirus bairdii"
-90.1317,18.8072,-10033414.9483321,2043396.36574135,"Tapirus bairdii"
-90.1461,17.9458,-10035017.9489995,1952885.28847563,"Tapirus bairdii"
-89.8142,18.115,-9998071.01000523,1970698.52929076,"Tapirus bairdii"
-89.7963,17.8178,-9996078.39112003,1939398.49239756,"Tapirus bairdii"
-89.8013,18.1145,-9996634.988574,1970645.91434158,"Tapirus bairdii"
-90.015,19.0316,-10020423.9637565,2066901.79258698,"Tapirus bairdii"
-89.8156,18.1225,-9998226.85729234,1971487.73593771,"Tapirus bairdii"
-90.95,16.1167,-10124507.6876482,1759289.35675352,"Tapirus bairdii"
-90.95,16.1,-10124507.6876482,1757513.43590197,"Tapirus bairdii"
-90.8994,16.2864,-10118874.9214141,1777327.39247738,"Tapirus bairdii"
-91.3038,16.9019,-10163892.5234909,1842622.31796782,"Tapirus bairdii"
-90.8969,16.1558,-10118596.6226871,1763446.78026799,"Tapirus bairdii"
-90.8244,16.25,-10110525.9596046,1773459.57956756,"Tapirus bairdii"
-93.6333,16.9889,-10423211.2772938,1851835.08388109,"Tapirus bairdii"
-90.9667,16.8833,-10126366.7231445,1840652.1533207,"Tapirus bairdii"
-92.8043,15.6548,-10330927.4194262,1710116.47100723,"Tapirus bairdii"
-92.8059,15.6539,-10331105.5306115,1710020.55205101,"Tapirus bairdii"
-92.8143,15.6489,-10332040.6143341,1709487.66146424,"Tapirus bairdii"
-93.9007,16.3008,-10452978.1091319,1778857.32307934,"Tapirus bairdii"
-87.6761,19.7986,-9760058.80674013,2147007.3988002,"Tapirus bairdii"
-87.9597,19.2822,-9791629.01432911,2093114.98747678,"Tapirus bairdii"
-87.5806,19.8178,-9749427.79536938,2149007.88482491,"Tapirus bairdii"
-87.8889,19.1597,-9783747.59438094,2080306.13228557,"Tapirus bairdii"
-87.7833,19.6167,-9771992.25615317,2128043.21841985,"Tapirus bairdii"
-87.7836,19.7439,-9772025.65200041,2141306.80638051,"Tapirus bairdii"
-87.78,19.07,-9771624.90183355,2070921.0176923,"Tapirus bairdii"
-89.7526,18.2053,-9991213.72937237,1980198.3816998,"Tapirus bairdii"
-89.7196,18.074,-9987540.18617619,1966383.61705709,"Tapirus bairdii"
-89.7463,18.1856,-9990512.41658037,1978126.28679128,"Tapirus bairdii"
-90.1076,17.8433,-10030732.148604,1942086.07111265,"Tapirus bairdii"
-89.816,18.1251,-9998271.38508866,1971761.31987498,"Tapirus bairdii"
-90.0967,18.0134,-10029518.7661543,1960004.16603993,"Tapirus bairdii"
-89.8571,18.3079,-10002846.6161603,1990986.40275723,"Tapirus bairdii"
-90.1039,17.8969,-10030320.266488,1947734.03086496,"Tapirus bairdii"
-89.8856,18.3667,-10006019.2216479,1997166.2026403,"Tapirus bairdii"
-89.7781,18.3083,-9994052.37638759,1991028.44913828,"Tapirus bairdii"
-90.0714,17.8913,-10026702.3830373,1947144.02330615,"Tapirus bairdii"
-90.0021,17.9031,-10018987.9423253,1948387.23232446,"Tapirus bairdii"
-90.0908,17.8554,-10028861.9811587,1943361.22217541,"Tapirus bairdii"
-97.8346,16.0317,-10890897.8539636,1750248.72358328,"Tapirus bairdii"
-94.1942,17.14,-10485650.3796798,1867825.72792386,"Tapirus bairdii"
-94.2594,17.125,-10492908.4104795,1866238.86984291,"Tapirus bairdii"
-94.1336,17.1936,-10478904.4185377,1873495.07880782,"Tapirus bairdii"
-94.3556,17.1611,-10503617.3454938,1870057.69670834,"Tapirus bairdii"
-94.1269,17.0981,-10478158.5779494,1863392.79164462,"Tapirus bairdii"
-94.7883,17.1664,-10551785.2891601,1870618.29452062,"Tapirus bairdii"
-96.4728,17.3275,-10739302.9714013,1887650.87389971,"Tapirus bairdii"
-96.0325,17.6328,-10690288.999605,1919889.17184628,"Tapirus bairdii"
-94.6836,16.9059,-10540130.138474,1843045.98452983,"Tapirus bairdii"
-85.71478,10.81451,-9541725.66305747,1188905.73329009,"Tapirus bairdii"
-85.705,10.83778,-9540636.95843751,1191434.19456045,"Tapirus bairdii"
-85.70246,10.80937,-9540354.2069309,1188347.2076832,"Tapirus bairdii"
-85.69717,10.8065,-9539765.3268246,1188035.34205404,"Tapirus bairdii"
-85.6948,10.80131,-9539501.49963142,1187471.36861048,"Tapirus bairdii"
-85.69365,10.80479,-9539373.48221701,1187849.52526332,"Tapirus bairdii"
-85.68605,10.80656,-9538527.45408698,1188041.86192271,"Tapirus bairdii"
-85.67253,10.79506,-9537022.41457145,1186792.19723834,"Tapirus bairdii"
-85.6678,10.78641,-9536495.87338,1185852.20135886,"Tapirus bairdii"
-85.66102,10.80397,-9535741.12723242,1187760.41976985,"Tapirus bairdii"
-85.65424,10.80338,-9534986.38108484,1187696.30713399,"Tapirus bairdii"
-85.64673,10.79748,-9534150.37170899,1187055.17402666,"Tapirus bairdii"
-85.55545,10.97311,-9523989.12858938,1206135.01288881,"Tapirus bairdii"
-85.54981,10.97296,-9523361.2866613,1206118.72209221,"Tapirus bairdii"
-85.54582,10.97514,-9522917.12189304,1206355.4808772,"Tapirus bairdii"
-85.54075,10.97948,-9522352.73207472,1206826.82128126,"Tapirus bairdii"
-85.53622,10.98291,-9521848.45478142,1207199.32747205,"Tapirus bairdii"
-85.52785,10.98206,-9520916.71064348,1207107.01583515,"Tapirus bairdii"
-85.17611,10.78667,-9481761.19295186,1185880.4559543,"Tapirus bairdii"
-85.12622,10.7685,-9476207.46355618,1183905.83717432,"Tapirus bairdii"
-84.9875,10.67139,-9460765.22379334,1173350.47751708,"Tapirus bairdii"
-84.84861,10.74722,-9445304.05971706,1181593.09266997,"Tapirus bairdii"
-84.23472,10.185,-9376966.13751398,1120433.54828343,"Tapirus bairdii"
-84.21667,10.18361,-9374956.82070516,1120282.20835596,"Tapirus bairdii"
-84.11944,10.1325,-9364133.22661533,1114717.02651716,"Tapirus bairdii"
-84.11806,10.13194,-9363979.60571803,1114656.04536142,"Tapirus bairdii"
-84.11722,10.13194,-9363886.09734577,1114656.04536142,"Tapirus bairdii"
-84.11694,10.1325,-9363854.92788834,1114717.02651716,"Tapirus bairdii"
-84.11667,10.1325,-9363824.87162583,1114717.02651716,"Tapirus bairdii"
-84.10694,10.13472,-9362741.73298041,1114958.77222073,"Tapirus bairdii"
-84.08194,10.32778,-9359958.74571058,1135975.6602113,"Tapirus bairdii"
-84.08167,10.32167,-9359928.68944807,1135310.70503699,"Tapirus bairdii"
-84.08083,10.32639,-9359835.1810758,1135824.38673569,"Tapirus bairdii"
-84.08083,10.32083,-9359835.1810758,1135219.28632058,"Tapirus bairdii"
-84.08083,10.325,-9359835.1810758,1135673.11260871,"Tapirus bairdii"
-84.08056,10.32917,-9359805.12481329,1136126.93303549,"Tapirus bairdii"
-84.08056,10.325,-9359805.12481329,1135673.11260871,"Tapirus bairdii"
-84.08056,10.31806,-9359805.12481329,1134917.82053549,"Tapirus bairdii"
-84.08,10.32889,-9359742.78589844,1136096.46086431,"Tapirus bairdii"
-84.07639,10.32528,-9359340.92253668,1135703.58514711,"Tapirus bairdii"
-84.07472,10.3225,-9359155.01898705,1135401.03520181,"Tapirus bairdii"
-84.07472,10.32444,-9359155.01898705,1135612.16745265,"Tapirus bairdii"
-84.07444,10.31694,-9359123.84952963,1134795.92749867,"Tapirus bairdii"
-84.07278,10.31611,-9358939.05917491,1134705.59577916,"Tapirus bairdii"
-84.06806,10.32639,-9358413.63117837,1135824.38673569,"Tapirus bairdii"
-84.06667,10.31667,-9358258.89708617,1134766.54250694,"Tapirus bairdii"
-84.00194,10.05083,-9351053.18644712,1105822.48547731,"Tapirus bairdii"
-83.99722,10.05083,-9350527.75845058,1105822.48547731,"Tapirus bairdii"
-83.99639,10.05083,-9350435.36327322,1105822.48547731,"Tapirus bairdii"
-83.98333,10.05,-9348981.53072345,1105732.08032003,"Tapirus bairdii"
-83.94472,10.15472,-9344683.48518393,1117136.58787064,"Tapirus bairdii"
-83.94417,10.15611,-9344622.25946399,1117287.94113231,"Tapirus bairdii"
-83.94361,10.1575,-9344559.92054915,1117439.29375327,"Tapirus bairdii"
-83.94194,10.15833,-9344374.01699952,1117529.6694732,"Tapirus bairdii"
-83.94,10.16361,-9344158.05718738,1118104.58436477,"Tapirus bairdii"
-83.93472,10.15083,-9343570.29027599,1116713.01310774,"Tapirus bairdii"
-83.93444,10.15056,-9343539.12081857,1116683.61313085,"Tapirus bairdii"
-83.93417,10.15139,-9343509.06455606,1116773.99076058,"Tapirus bairdii"
-83.93333,10.15,-9343415.55618379,1116622.63532397,"Tapirus bairdii"
-83.73254,8.60825,-9321063.71562741,948368.892431303,"Tapirus bairdii"
-83.72547,8.61735,-9320276.6868275,949364.069878488,"Tapirus bairdii"
-83.69366,8.5787,-9316735.61382537,945137.139173992,"Tapirus bairdii"
-83.66258,8.54238,-9313275.80405151,941164.645502918,"Tapirus bairdii"
-83.65044,8.52834,-9311924.38543328,939628.924144669,"Tapirus bairdii"
-83.63441,8.51526,-9310139.93399587,938198.159926518,"Tapirus bairdii"
-83.63341,8.54236,-9310028.61450507,941162.457904783,"Tapirus bairdii"
-83.59907,8.5243,-9306205.90319123,939187.011232018,"Tapirus bairdii"
-83.59226,8.54372,-9305447.81745893,941311.214323448,"Tapirus bairdii"
-83.59141,8.55302,-9305353.19589175,942328.431867651,"Tapirus bairdii"
-83.59056,8.47833,-9305258.57432458,934158.291300241,"Tapirus bairdii"
-83.59028,8.48111,-9305227.40486716,934462.415898103,"Tapirus bairdii"
-83.58976,8.50148,-9305169.51873195,936690.774244478,"Tapirus bairdii"
-83.58917,8.48,-9305103.84023238,934340.985110564,"Tapirus bairdii"
-83.57199,8.45414,-9303191.37138055,931511.879375199,"Tapirus bairdii"
-83.56682,8.53102,-9302615.84961315,939922.071784377,"Tapirus bairdii"
-83.55746,8.54622,-9301573.89917933,941584.662274859,"Tapirus bairdii"
-83.55164,8.44652,-9300926.01974291,930678.209691561,"Tapirus bairdii"
-83.54894,8.57747,-9300625.45711777,945002.614181149,"Tapirus bairdii"
-83.54721,8.60028,-9300432.87439869,947497.27282225,"Tapirus bairdii"
-83.54054,8.50227,-9299690.3733951,936777.193282937,"Tapirus bairdii"
-83.53874,8.58422,-9299489.99831167,945740.855867962,"Tapirus bairdii"
-83.53119,8.50986,-9298649.53615618,937607.46355794,"Tapirus bairdii"
-83.52787,8.44987,-9298279.95544675,931044.719992815,"Tapirus bairdii"
-83.51674,8.58412,-9297040.96951422,945729.919047359,"Tapirus bairdii"
-83.51418,8.53856,-9296755.99161779,940746.812232857,"Tapirus bairdii"
-83.51005,8.45492,-9296296.24212082,931597.214736871,"Tapirus bairdii"
-83.44206,8.5241,-9288727.62994178,939165.134236987,"Tapirus bairdii"
-83.42849,8.51733,-9287217.02445172,938424.591382626,"Tapirus bairdii"
-83.05167,8.48333,-9245269.61393099,934705.276448342,"Tapirus bairdii"
-85.66229,10.77964,-9535882.50298573,1185116.4867873,"Tapirus bairdii"
-85.6552,10.77245,-9535093.247796,1184335.1120028,"Tapirus bairdii"
-83.330272,8.408511,-9276283.44670498,926519.578013005,"Tapirus bairdii"
-83.335567,8.411189,-9276872.88340873,926812.59573821,"Tapirus bairdii"
-83.364047,8.44045,-9280043.26250653,930014.107013412,"Tapirus bairdii"
-83.477811,8.453836,-9292707.41305713,931478.620419471,"Tapirus bairdii"
-83.485233,8.452106,-9293533.6263178,931289.350218093,"Tapirus bairdii"
-83.534083,8.614911,-9298971.58344305,949097.342737688,"Tapirus bairdii"
-83.541875,8.583819,-9299838.98491531,945696.999200407,"Tapirus bairdii"
-83.555758,8.4558,-9301384.43340599,931693.490327652,"Tapirus bairdii"
-83.563108,8.565281,-9302202.63166333,943669.481392538,"Tapirus bairdii"
-83.577008,8.518547,-9303749.97258535,938557.715019994,"Tapirus bairdii"
-83.597783,8.493472,-9306062.63500658,935814.759824277,"Tapirus bairdii"
-83.598967,8.499506,-9306194.43728368,936474.835281385,"Tapirus bairdii"
-83.601906,8.488456,-9306521.60526712,935266.038424816,"Tapirus bairdii"
-83.615647,8.500003,-9308051.24639011,936529.20299465,"Tapirus bairdii"
-85.60502,10.87184,-9529507.235748,1195134.72542489,"Tapirus bairdii"
-85.61022,10.83687,-9530086.09710012,1191335.31978223,"Tapirus bairdii"
-85.6105,10.8604,-9530117.26655755,1193891.84486631,"Tapirus bairdii"
-85.61185,10.88314,-9530267.54787012,1196362.35032601,"Tapirus bairdii"
-85.61224,10.88198,-9530310.96247153,1196236.33074256,"Tapirus bairdii"
-85.63483,10.8253,-9532825.66976855,1190078.1720788,"Tapirus bairdii"
-85.6372,10.85003,-9533089.49696173,1192765.17267328,"Tapirus bairdii"
-85.64294,10.82209,-9533728.47083888,1189729.37855157,"Tapirus bairdii"
-85.64515,10.7719,-9533974.48691353,1184275.33988699,"Tapirus bairdii"
-85.64526,10.77187,-9533986.73205752,1184272.0795867,"Tapirus bairdii"
-85.64658,10.86678,-9534133.67378537,1194584.99551678,"Tapirus bairdii"
-85.65086,10.80113,-9534610.12120596,1187451.80866749,"Tapirus bairdii"
-85.66299,10.86302,-9535960.42662928,1194176.49468517,"Tapirus bairdii"
-85.66312,10.86298,-9535974.89816309,1194172.1489047,"Tapirus bairdii"
-85.66517,10.79562,-9536203.10311921,1186853.05155466,"Tapirus bairdii"
-85.68364,10.80291,-9538259.17411417,1187645.23426845,"Tapirus bairdii"
-85.68565,10.86004,-9538482.92629066,1193852.73248735,"Tapirus bairdii"
-85.68749,10.86011,-9538687.75415372,1193860.33767574,"Tapirus bairdii"
-85.69203,10.80812,-9539193.14464192,1188211.37806245,"Tapirus bairdii"
-85.70014,10.80757,-9540095.94571226,1188151.61285473,"Tapirus bairdii"
-85.70044,10.80802,-9540129.34155949,1188200.51166898,"Tapirus bairdii"
-85.71838,10.86266,-9542126.41322432,1194137.38264051,"Tapirus bairdii"
-85.74666,10.91466,-9545274.52842396,1199786.42351852,"Tapirus bairdii"
-85.75078,10.90287,-9545733.16472603,1198505.69639339,"Tapirus bairdii"
-85.77132,10.84704,-9548019.66706692,1192440.31026174,"Tapirus bairdii"
-77.08957,7.79997,-8581571.67787242,859885.173526297,"Tapirus bairdii"
-77.05,7.933333,-8577166.76562173,874496.57676809,"Tapirus bairdii"
-77.46611,7.13494,-8623487.91893572,786957.534608577,"Tapirus bairdii"
-89.88,16.29212,-10005395.8324994,1777935.12803394,"Tapirus bairdii"
-89.2442,16.4227,-9934618.90025307,1791804.20757994,"Tapirus bairdii"
-89.2476,16.4239,-9934997.38652176,1791931.61919896,"Tapirus bairdii"
-89.2579,16.385,-9936143.97727693,1787800.96885924,"Tapirus bairdii"
-89.3598,16.4029,-9947487.43338877,1789701.80515036,"Tapirus bairdii"
-89.2581,16.4245,-9936166.24117509,1791995.32472077,"Tapirus bairdii"
-89.2574,16.4291,-9936088.31753154,1792483.72734857,"Tapirus bairdii"
-89.2796,16.4465,-9938559.61022715,1794331.06134415,"Tapirus bairdii"
-89.246,16.4229,-9934819.27533649,1791825.44290306,"Tapirus bairdii"
-89.2467,16.4241,-9934897.19898005,1791952.85439421,"Tapirus bairdii"
-89.2743,16.4473,-9937969.61692594,1794415.99235793,"Tapirus bairdii"
-89.39522,17.11324,-9951430.36975266,1864994.6857723,"Tapirus bairdii"
-89.41914,17.17277,-9954093.13197244,1871292.04894891,"Tapirus bairdii"
-89.4114,17.1753,-9953231.5191137,1871559.64059643,"Tapirus bairdii"
-89.41936,17.1727,-9954117.62226041,1871284.64517679,"Tapirus bairdii"
-89.40565,17.17376,-9952591.43204164,1871396.75914829,"Tapirus bairdii"
-89.4112,17.17527,-9953209.25521554,1871556.46759381,"Tapirus bairdii"
-89.41908,17.10634,-9954086.45280299,1864264.64410347,"Tapirus bairdii"
-89.42116,17.1056,-9954317.99734384,1864186.34821215,"Tapirus bairdii"
-89.42057,17.10578,-9954252.31884428,1864205.39318663,"Tapirus bairdii"
-89.34015,17.09926,-9945300.00539468,1863515.53043181,"Tapirus bairdii"
-89.34022,17.099,-9945307.79775904,1863488.02007883,"Tapirus bairdii"
-89.34056,17.0987,-9945345.6463859,1863456.2773173,"Tapirus bairdii"
-89.34021,17.09927,-9945306.68456413,1863516.58852156,"Tapirus bairdii"
-89.42473,17.1042,-9954715.40792597,1864038.22001974,"Tapirus bairdii"
-89.42152,17.10566,-9954358.07236053,1864192.69653898,"Tapirus bairdii"
-89.42277,17.1049,-9954497.22172402,1864112.28425177,"Tapirus bairdii"
-89.33988,17.09948,-9945269.94913216,1863538.80839353,"Tapirus bairdii"
-89.34002,17.09922,-9945285.53386088,1863511.29807225,"Tapirus bairdii"
-89.33968,17.0998,-9945247.68523401,1863572.66719906,"Tapirus bairdii"
-89.78117,17.23741,-9994394.12722433,1878127.73831447,"Tapirus bairdii"
-89.75548,17.24893,-9991534.32950585,1879345.73519699,"Tapirus bairdii"
-89.7512,17.25136,-9991057.88208525,1879602.64694258,"Tapirus bairdii"
-89.75156,17.25184,-9991097.95710194,1879653.39455131,"Tapirus bairdii"
-89.76208,17.23537,-9992269.03814509,1877912.04363952,"Tapirus bairdii"
-90.29718,16.44859,-10051836.0976686,1794552.94289842,"Tapirus bairdii"
-90.0652,16.51635,-10026012.2021943,1801745.31211812,"Tapirus bairdii"
-90.1679,16.41186,-10037444.7138988,1790653.22119654,"Tapirus bairdii"
-90.36048,16.3203,-10058882.6214358,1780928.92928057,"Tapirus bairdii"
-90.29968,17.24493,-10052114.3963955,1878922.82801663,"Tapirus bairdii"
-90.30145,17.24492,-10052311.4318943,1878921.77073747,"Tapirus bairdii"
-90.30211,17.24377,-10052384.9027582,1878800.18326185,"Tapirus bairdii"
-90.30724,17.24362,-10052955.9717459,1878784.32397142,"Tapirus bairdii"
-90.30102,17.24735,-10052263.5645132,1879178.6879292,"Tapirus bairdii"
-90.32607,17.23871,-10055052.1177576,1878265.18959079,"Tapirus bairdii"
-90.33175,17.24446,-10055684.4124653,1878873.13583591,"Tapirus bairdii"
-90.33712,17.24718,-10056282.1981308,1879160.71440586,"Tapirus bairdii"
-90.34839,17.25836,-10057536.7687921,1880342.70347825,"Tapirus bairdii"
-90.36719,17.26448,-10059629.575219,1880989.70188407,"Tapirus bairdii"
-90.37032,17.2694,-10059978.0052252,1881509.8226647,"Tapirus bairdii"
-90.36775,17.26891,-10059691.9141338,1881458.02262513,"Tapirus bairdii"
-90.36569,17.27095,-10059462.5959828,1881673.67904804,"Tapirus bairdii"
-90.36611,17.26297,-10059509.3501689,1880830.0686033,"Tapirus bairdii"
-90.36573,17.26177,-10059467.0487624,1880703.20680838,"Tapirus bairdii"
-90.36532,17.26096,-10059421.4077712,1880617.57464147,"Tapirus bairdii"
-90.36551,17.25901,-10059442.5584745,1880411.42162349,"Tapirus bairdii"
-90.36667,17.25756,-10059571.6890838,1880258.12697514,"Tapirus bairdii"
-90.36583,17.25667,-10059478.1807115,1880164.03519488,"Tapirus bairdii"
-90.36401,17.25659,-10059275.5792383,1880155.57748508,"Tapirus bairdii"
-90.35999,17.25576,-10058828.0748853,1880067.82853463,"Tapirus bairdii"
-90.35741,17.25328,-10058540.870599,1879805.6366047,"Tapirus bairdii"
-90.29267,17.25152,-10051334.0467651,1879619.56282647,"Tapirus bairdii"
-90.29356,17.25516,-10051433.1211119,1880004.39531854,"Tapirus bairdii"
-90.29946,17.25909,-10052089.9061076,1880419.87922503,"Tapirus bairdii"
-90.30812,17.25925,-10053053.9328978,1880436.79441739,"Tapirus bairdii"
-90.30083,17.25787,-10052242.41381,1880290.90041257,"Tapirus bairdii"
-90.30106,17.25819,-10052268.0172928,1880324.73100129,"Tapirus bairdii"
-90.31184,17.25232,-10053468.0414036,1879704.14203124,"Tapirus bairdii"
-90.30788,17.24357,-10053027.2162201,1878779.03753848,"Tapirus bairdii"
-90.29796,17.24036,-10051922.9268714,1878439.64562044,"Tapirus bairdii"
-90.2966,17.23792,-10051771.5323639,1878181.66162002,"Tapirus bairdii"
-90.29451,17.23695,-10051538.8746281,1878079.1014829,"Tapirus bairdii"
-90.29381,17.23626,-10051460.9509846,1878006.14601393,"Tapirus bairdii"
-90.29485,17.23506,-10051576.723255,1877879.26630409,"Tapirus bairdii"
-90.2977,17.23351,-10051893.9838038,1877715.37882195,"Tapirus bairdii"
-90.2962,17.23169,-10051727.0045676,1877522.94148518,"Tapirus bairdii"
-90.29569,17.23202,-10051670.2316273,1877557.83410661,"Tapirus bairdii"
-90.29466,17.23269,-10051555.5725518,1877628.67651455,"Tapirus bairdii"
-90.29311,17.2261,-10051383.027341,1876931.87238699,"Tapirus bairdii"
-90.29358,17.23253,-10051435.3475017,1877611.75894738,"Tapirus bairdii"
-90.29343,17.23173,-10051418.6495781,1877527.17089708,"Tapirus bairdii"
-90.29215,17.22974,-10051276.1606299,1877316.75657189,"Tapirus bairdii"
-90.29147,17.22863,-10051200.4633761,1877199.38882688,"Tapirus bairdii"
-90.2915,17.22644,-10051203.8029609,1876967.82342074,"Tapirus bairdii"
-90.2933,17.22756,-10051404.1780443,1877086.24989902,"Tapirus bairdii"
-90.36806,17.22056,-10059726.423176,1876346.07292264,"Tapirus bairdii"
-90.37063,17.22451,-10060012.5142673,1876763.7475786,"Tapirus bairdii"
-90.37099,17.22579,-10060052.589284,1876899.09344704,"Tapirus bairdii"
-90.37047,17.22623,-10059994.7031488,1876945.6183781,"Tapirus bairdii"
-89.60782,17.20278,-9975096.89349532,1874465.90049641,"Tapirus bairdii"
-89.60803,17.20256,-9975120.27058838,1874442.63516651,"Tapirus bairdii"
-89.60824,17.20253,-9975143.64768145,1874439.46261943,"Tapirus bairdii"
-89.60232,17.2285,-9974484.63629595,1877185.64300994,"Tapirus bairdii"
-89.58561,17.22937,-9972624.4876048,1877277.63406665,"Tapirus bairdii"
-89.57572,17.22138,-9971523.53784085,1876432.7807826,"Tapirus bairdii"
-89.57522,17.22018,-9971467.87809546,1876305.89110421,"Tapirus bairdii"
-89.54842,17.2114,-9968484.51574219,1875377.45717942,"Tapirus bairdii"
-89.5496,17.21078,-9968615.87274133,1875311.89416058,"Tapirus bairdii"
-89.77061,17.34696,-9993218.59340155,1889707.33275063,"Tapirus bairdii"
-89.76907,17.35567,-9993047.16138573,1890627.70351585,"Tapirus bairdii"
-90.92019,16.86344,-10121189.2536277,1838548.31687451,"Tapirus bairdii"
-90.92515,16.85534,-10121741.398302,1837690.19476876,"Tapirus bairdii"
-90.92542,16.85528,-10121771.4545645,1837683.83817492,"Tapirus bairdii"
-90.92657,16.84856,-10121899.4719789,1836971.8872178,"Tapirus bairdii"
-90.92037,16.86782,-10121209.291136,1839012.32351612,"Tapirus bairdii"
-90.91285,16.8658,-10120372.1685653,1838798.33088885,"Tapirus bairdii"
-89.84222,17.09363,-10001190.1821373,1862919.81710421,"Tapirus bairdii"
-89.84081,17.08553,-10001033.2216552,1862062.72094302,"Tapirus bairdii"
-89.83552,17.12143,-10000444.3415489,1865861.17921856,"Tapirus bairdii"
-89.53166,17.73507,-9966618.8010765,1930676.56379496,"Tapirus bairdii"
-89.53179,17.73542,-9966633.2726103,1930713.47133763,"Tapirus bairdii"
-89.52941,17.73399,-9966368.33222221,1930562.67721982,"Tapirus bairdii"
-89.52978,17.73434,-9966409.52043381,1930599.58497957,"Tapirus bairdii"
-89.55177,17.65784,-9968857.43603635,1922530.93285147,"Tapirus bairdii"
-89.5495,17.65703,-9968604.74079225,1922445.48213408,"Tapirus bairdii"
-89.26161,17.73036,-9936556.97258778,1930179.88687778,"Tapirus bairdii"
-89.24622,17.69826,-9934843.76562447,1926794.55229062,"Tapirus bairdii"
-89.24598,17.69798,-9934817.04894668,1926765.0202927,"Tapirus bairdii"
-89.40704,17.72803,-9952746.16613384,1929934.17999942,"Tapirus bairdii"
-89.29795,17.76176,-9940602.3228832,1933490.82557911,"Tapirus bairdii"
-89.29802,17.76253,-9940610.11524756,1933572.01026866,"Tapirus bairdii"
-89.29834,17.76268,-9940645.73748461,1933587.82542824,"Tapirus bairdii"
-89.31189,17.74096,-9942154.11658486,1931297.65564213,"Tapirus bairdii"
-89.40703,17.72797,-9952745.05293893,1929927.8527425,"Tapirus bairdii"
-89.298,17.76192,-9940607.88885774,1933507.69515306,"Tapirus bairdii"
-89.29725,17.75726,-9940524.39923965,1933016.36278202,"Tapirus bairdii"
-89.99464,17.58115,-10018157.498924,1914438.8818103,"Tapirus bairdii"
-89.89421,17.72981,-10006977.6824636,1930121.88768109,"Tapirus bairdii"
-89.88875,17.72815,-10006369.8780439,1929946.83450705,"Tapirus bairdii"
-89.88848,17.72827,-10006339.8217814,1929959.48900641,"Tapirus bairdii"
-89.88863,17.72848,-10006356.519705,1929981.63436041,"Tapirus bairdii"
-89.89434,17.76823,-10006992.1539974,1934172.97723388,"Tapirus bairdii"
-89.88429,17.772,-10005873.3931149,1934570.44862326,"Tapirus bairdii"
-89.88456,17.77223,-10005903.4493774,1934594.69727622,"Tapirus bairdii"
-89.88444,17.77255,-10005890.0910385,1934628.43448187,"Tapirus bairdii"
-89.87901,17.79302,-10005285.6262035,1936786.43885648,"Tapirus bairdii"
-89.87904,17.7933,-10005288.9657883,1936815.95556277,"Tapirus bairdii"
-90.0569,17.43814,-10025088.2504208,1899340.04991752,"Tapirus bairdii"
-90.05654,17.43739,-10025048.1754041,1899260.83524173,"Tapirus bairdii"
-90.05699,17.43712,-10025098.2691749,1899232.31788066,"Tapirus bairdii"
-90.05792,17.43658,-10025201.7963014,1899175.28303498,"Tapirus bairdii"
-90.05783,17.43659,-10025191.7775472,1899176.33923732,"Tapirus bairdii"
-90.05655,17.43791,-10025049.288599,1899315.75745073,"Tapirus bairdii"
-90.59982,15.81145,-10085525.8283622,1726805.40507712,"Tapirus bairdii"
-90.59623,15.80803,-10085126.1913903,1726441.18448995,"Tapirus bairdii"
-90.61353,15.82239,-10087052.018581,1727970.44464076,"Tapirus bairdii"
-90.61628,15.82407,-10087358.1471807,1728149.34838008,"Tapirus bairdii"
-89.98497,15.11602,-10017081.039448,1652622.29572567,"Tapirus bairdii"
-89.98629,15.11897,-10017227.9811758,1652937.48821915,"Tapirus bairdii"
-89.9824,15.1195,-10016794.9483567,1652994.11557007,"Tapirus bairdii"
-89.9816,15.11939,-10016705.892764,1652982.362735,"Tapirus bairdii"
-89.98158,15.11942,-10016703.6663742,1652985.56805424,"Tapirus bairdii"
-89.97998,15.11793,-10016525.5551889,1652826.36999745,"Tapirus bairdii"
-89.97814,15.11846,-10016320.7273259,1652882.99761913,"Tapirus bairdii"
-89.97628,15.11654,-10016113.673073,1652677.85539078,"Tapirus bairdii"
-89.97537,15.117,-10016012.3723364,1652727.0042146,"Tapirus bairdii"
-89.97305,15.11687,-10015754.1111177,1652713.11434014,"Tapirus bairdii"
-89.97262,15.11618,-10015706.2437367,1652639.39102139,"Tapirus bairdii"
-89.97246,15.1136,-10015688.4326182,1652363.72784474,"Tapirus bairdii"
-89.97186,15.10832,-10015621.6409237,1651799.56975907,"Tapirus bairdii"
-89.98065,15.10323,-10016600.1392478,1651255.6998609,"Tapirus bairdii"
-89.9873,15.10435,-10017340.4138615,1651375.37369979,"Tapirus bairdii"
-89.99111,15.10455,-10017764.5411215,1651396.74396338,"Tapirus bairdii"
-89.15107,15.77482,-9924251.71607549,1722904.09893638,"Tapirus bairdii"
-89.0305,15.87939,-9910829.92507054,1734039.58211532,"Tapirus bairdii"
-88.99918,15.87722,-9907343.3986189,1733808.55961521,"Tapirus bairdii"
-90.92966,15.8685,-10122243.4492055,1732880.18666736,"Tapirus bairdii"
-90.91349,15.84758,-10120443.4130394,1730652.78364462,"Tapirus bairdii"
-90.91287,15.84617,-10120374.3949551,1730502.64943046,"Tapirus bairdii"
-85.888995,14.988909,-9561119.18814602,1639037.08304086,"Tapirus bairdii"
-85.730633,15.079538,-9543490.41094502,1648724.02659323,"Tapirus bairdii"
-85.81795,15.029856,-9553210.49492261,1643414.22842291,"Tapirus bairdii"
-84.850325,15.710895,-9445494.97264377,1716094.07287186,"Tapirus bairdii"
-85.003854,15.534325,-9462585.74274577,1697273.0008428,"Tapirus bairdii"
-85.14123,15.349742,-9477878.36911299,1677580.98926111,"Tapirus bairdii"
-85.249378,15.768648,-9489917.3494033,1722246.67766994,"Tapirus bairdii"
-85.37844,15.622556,-9504284.46552406,1706679.75784445,"Tapirus bairdii"
-85.479037,15.522629,-9515482.87233939,1696025.7353362,"Tapirus bairdii"
-84.955584,15.162348,-9457212.35092518,1657571.71282278,"Tapirus bairdii"
-84.996518,15.046607,-9461769.10296131,1645204.63805453,"Tapirus bairdii"
-84.91353,14.980066,-9452530.92105936,1638091.67823756,"Tapirus bairdii"
-85.185651,14.815953,-9482823.29221351,1620539.47808067,"Tapirus bairdii"
-85.118351,14.776706,-9475331.49048313,1616340.00908666,"Tapirus bairdii"
-84.797397,14.851266,-9439603.05463506,1624317.37115446,"Tapirus bairdii"
-84.825478,14.828313,-9442729.01725603,1621861.85718079,"Tapirus bairdii"
-84.885335,14.809521,-9449392.26801644,1619851.29829604,"Tapirus bairdii"
-84.689824,14.865688,-9427628.08305196,1625860.10792535,"Tapirus bairdii"
-84.63011,14.868949,-9420980.75097873,1626208.92665752,"Tapirus bairdii"
-84.542507,14.875766,-9411228.82962677,1626938.10272597,"Tapirus bairdii"
-84.525071,14.658897,-9409287.86298529,1603729.89026213,"Tapirus bairdii"
-84.425136,14.708109,-9398163.14967287,1608998.28471969,"Tapirus bairdii"
-84.383304,14.881743,-9393506.432734,1627577.41024346,"Tapirus bairdii"
-85.544946,14.938109,-9522819.82865809,1633605.53849926,"Tapirus bairdii"
-85.525801,14.825718,-9520688.61700685,1621584.2278674,"Tapirus bairdii"
-85.459755,14.596881,-9513336.40991792,1597089.11947495,"Tapirus bairdii"
-84.570704,14.844705,-9414367.70530866,1623615.50073261,"Tapirus bairdii"
-84.523195,14.824851,-9409079.02762057,1621491.47006722,"Tapirus bairdii"
-84.468192,14.766215,-9402956.12166846,1615217.33600232,"Tapirus bairdii"
-84.556309,14.709123,-9412765.2612387,1609106.82640588,"Tapirus bairdii"
-85.054232,14.605464,-9468193.79605296,1598008.30960387,"Tapirus bairdii"
-85.058444,14.578405,-9468662.67374817,1595110.32712079,"Tapirus bairdii"
-85.106099,14.582667,-9473967.60408193,1595566.80462694,"Tapirus bairdii"
-85.352688,14.561309,-9501417.76599715,1593279.18959366,"Tapirus bairdii"
-85.304908,14.572581,-9496098.92072705,1594486.5391517,"Tapirus bairdii"
-85.285454,14.518245,-9493933.31135316,1588666.02951737,"Tapirus bairdii"
-85.24263,14.405669,-9489166.16547943,1576602.3819365,"Tapirus bairdii"
-85.27449,14.394291,-9492712.8044561,1575382.78401087,"Tapirus bairdii"
-86.016583,15.418963,-9575322.21933735,1684967.74852918,"Tapirus bairdii"
-86.942594,15.610871,-9678405.29232632,1705434.18678387,"Tapirus bairdii"
-86.902622,15.645707,-9673955.62964033,1709147.35088882,"Tapirus bairdii"
-86.902648,15.591496,-9673958.52394709,1703368.74208357,"Tapirus bairdii"
-87.28601,15.467422,-9716634.18657658,1690137.51154314,"Tapirus bairdii"
-88.285006,15.529694,-9827841.9126011,1696779.15764266,"Tapirus bairdii"
-88.249139,15.541514,-9823849.21642482,1698039.60406014,"Tapirus bairdii"
-88.265325,15.576264,-9825651.0337028,1701744.82263046,"Tapirus bairdii"
-88.252992,15.518263,-9824278.13042285,1695560.12589961,"Tapirus bairdii"
-86.668178,15.130473,-9647857.44294079,1654166.48441128,"Tapirus bairdii"
-86.634364,15.744387,-9644093.28567911,1719662.28632534,"Tapirus bairdii"
-87.083508,15.006892,-9694091.76705196,1640959.52739416,"Tapirus bairdii"
-84.415349,14.667347,-9397073.66581648,1604634.58784074,"Tapirus bairdii"
-84.416604,14.667144,-9397213.37177742,1604612.85408495,"Tapirus bairdii"
-84.417947,14.667331,-9397362.87385356,1604632.87483607,"Tapirus bairdii"
-84.419186,14.66533,-9397500.79870265,1604418.64122741,"Tapirus bairdii"
-84.410474,14.666028,-9396530.98329886,1604493.37160857,"Tapirus bairdii"
-84.411262,14.666127,-9396618.7030576,1604503.97088451,"Tapirus bairdii"
-84.430742,14.676217,-9398787.20673826,1605584.21600956,"Tapirus bairdii"
-84.516515,14.873243,-9408335.41342207,1626668.23425435,"Tapirus bairdii"
-84.533435,14.880933,-9410218.93920629,1627490.77262584,"Tapirus bairdii"
-85.934403,14.995288,-9566173.98358396,1639719.03804799,"Tapirus bairdii"
-85.939402,15.001838,-9566730.46971844,1640419.25339164,"Tapirus bairdii"
-85.847317,15.037097,-9556479.61440874,1644188.19045346,"Tapirus bairdii"
-85.843147,15.027304,-9556015.41213213,1643141.44906952,"Tapirus bairdii"
-85.844484,15.0243,-9556164.24629132,1642820.3520566,"Tapirus bairdii"
-85.698856,15.04773,-9539953.01148608,1645324.66359608,"Tapirus bairdii"
-85.699182,15.049196,-9539989.30164007,1645481.34783636,"Tapirus bairdii"
-85.705098,15.086074,-9540647.86774761,1649422.47618605,"Tapirus bairdii"
-85.935928,14.997175,-9566343.74580742,1639920.76635309,"Tapirus bairdii"
-86.895015,15.664368,-9673108.82227387,1711136.17062762,"Tapirus bairdii"
-87.311691,15.511844,-9719492.98241965,1694875.55807234,"Tapirus bairdii"
-87.279821,15.525738,-9715945.23024806,1696357.2869084,"Tapirus bairdii"
-85.024763,15.662761,-9464913.32197877,1710964.9095315,"Tapirus bairdii"
-85.009845,15.663376,-9463252.65781511,1711030.45142536,"Tapirus bairdii"
-85.03294,15.646488,-9465823.58145498,1709230.59050279,"Tapirus bairdii"
-85.031288,15.648579,-9465639.68165619,1709453.44945457,"Tapirus bairdii"
-85.034226,15.66806,-9465966.73832015,1711529.62922818,"Tapirus bairdii"
-85.047001,15.660485,-9467388.84481503,1710722.34956501,"Tapirus bairdii"
-85.065699,15.669497,-9469470.29665388,1711682.76928438,"Tapirus bairdii"
-85.066314,15.650689,-9469538.75814072,1709678.33117587,"Tapirus bairdii"
-85.06395,15.642246,-9469275.59886448,1708778.47097024,"Tapirus bairdii"
-84.649679,15.462534,-9423159.16209406,1689616.09731135,"Tapirus bairdii"
-84.662999,15.46178,-9424641.93771143,1689535.66532433,"Tapirus bairdii"
-84.675081,15.460896,-9425986.89979919,1689441.36538978,"Tapirus bairdii"
-84.700689,15.459266,-9428837.56931943,1689267.48552234,"Tapirus bairdii"
-84.62917,15.47611,-9420876.11065738,1691064.2509096,"Tapirus bairdii"
-84.618714,15.495123,-9419712.15406165,1693092.21423385,"Tapirus bairdii"
-84.641581,15.461951,-9422257.69685762,1689553.90655597,"Tapirus bairdii"
-84.630211,15.464829,-9420991.9942473,1689860.91174814,"Tapirus bairdii"
-84.648581,15.478883,-9423036.93329317,1691360.03577145,"Tapirus bairdii"
-84.661072,15.474038,-9424427.42505267,1690843.23640188,"Tapirus bairdii"
-84.675736,15.477354,-9426059.81406566,1691196.94391133,"Tapirus bairdii"
-84.654714,15.446334,-9423719.65573021,1687887.92019286,"Tapirus bairdii"
-84.64831,15.44679,-9423006.76571117,1687936.5669799,"Tapirus bairdii"
-84.65399,15.449434,-9423639.06041887,1688218.63094335,"Tapirus bairdii"
-85.064128,14.576412,-9469295.41373384,1594896.8657736,"Tapirus bairdii"
-85.429701,14.551406,-9509990.81394161,1592218.42467086,"Tapirus bairdii"
-85.318584,14.280036,-9497621.32608314,1563132.53829177,"Tapirus bairdii"
-85.064691,14.578911,-9469358.08660716,1595164.52222589,"Tapirus bairdii"
-85.297191,14.281701,-9495239.8682166,1563311.10068349,"Tapirus bairdii"
-85.306916,14.258921,-9496322.45026456,1560867.9552342,"Tapirus bairdii"
-85.354326,14.469516,-9501600.10732307,1583444.96004394,"Tapirus bairdii"
-85.429977,14.551688,-9510021.53812107,1592248.63188741,"Tapirus bairdii"
-85.446453,14.552395,-9511855.63805138,1592324.36399894,"Tapirus bairdii"
-85.106631,14.645299,-9474026.82605103,1602273.95165347,"Tapirus bairdii"
-85.311142,14.682095,-9496792.88643266,1606213.49796674,"Tapirus bairdii"
-85.53519,14.933984,-9521733.79570591,1633164.43775429,"Tapirus bairdii"
-85.288401,14.264998,-9494261.36989252,1561519.73448848,"Tapirus bairdii"
-85.306636,14.259199,-9496291.28080714,1560897.77206894,"Tapirus bairdii"
-85.123718,14.59406,-9475928.94219021,1596786.99890163,"Tapirus bairdii"
-85.049772,14.58289,-9467697.31112402,1595590.68859537,"Tapirus bairdii"
-85.085703,14.579509,-9471697.13174771,1595228.57083,"Tapirus bairdii"
-85.288302,14.672519,-9494250.34926294,1605188.31020235,"Tapirus bairdii"
-85.191693,14.743645,-9483495.88457689,1612801.8742066,"Tapirus bairdii"
-85.186085,14.760302,-9482871.60487252,1614584.54502116,"Tapirus bairdii"
-85.825952,14.970374,-9554101.27348794,1637055.46315115,"Tapirus bairdii"
-85.825985,14.97127,-9554104.94703114,1637151.2604378,"Tapirus bairdii"
-85.825995,14.971107,-9554106.06022604,1637133.83305869,"Tapirus bairdii"
-85.824551,14.973323,-9553945.31488134,1637370.75877468,"Tapirus bairdii"
-85.826996,14.978588,-9554217.49103633,1637933.66159859,"Tapirus bairdii"
-85.829142,14.972,-9554456.38266357,1637229.30927768,"Tapirus bairdii"
-85.832047,14.973054,-9554779.76578433,1637341.99851509,"Tapirus bairdii"
-85.833128,14.97438,-9554900.10215387,1637483.76807822,"Tapirus bairdii"
-85.834828,14.972978,-9555089.34528822,1637333.87293351,"Tapirus bairdii"
-85.838765,14.970512,-9555527.61012347,1637070.2176694,"Tapirus bairdii"
-78.35002383,7.896973246,-8721884.75639645,870513.414681362,"Tapirus bairdii"
-77.703211,7.960709,-8649881.88152229,877495.354454065,"Tapirus bairdii"
-77.39904634,7.960760153,-8616022.42645378,877500.95759117,"Tapirus bairdii"
-77.708241,7.982329,-8650441.81856098,879863.479815119,"Tapirus bairdii"
-77.765722,7.995056,-8656840.57421127,881257.46216768,"Tapirus bairdii"
-77.680851,8.03763,-8647392.77770816,885920.264311189,"Tapirus bairdii"
-77.726078,8.047454,-8652427.42431826,886996.143772542,"Tapirus bairdii"
-78.11675275,8.097819431,-8695917.13855405,892511.535449253,"Tapirus bairdii"
-77.51072417,8.303048186,-8628454.34562228,914978.631524187,"Tapirus bairdii"
-81.06540275,8.568211447,-9024159.35508164,943989.993436584,"Tapirus bairdii"
-80.66530957,8.670960313,-8979621.18601418,955226.427933756,"Tapirus bairdii"
-78.45404239,8.790454601,-8733464.0495287,968290.34642819,"Tapirus bairdii"
-77.97190527,8.88728132,-8679792.79083776,978873.087664029,"Tapirus bairdii"
-80.64557682,8.890004108,-8977424.54633223,979170.637380567,"Tapirus bairdii"
-81.69522942,8.92936534,-9094271.33927406,983471.841636648,"Tapirus bairdii"
-80.68867959,8.996049881,-8982222.72474041,990757.771542868,"Tapirus bairdii"
-79.8635189,9.1565983,-8890366.25690698,1008293.8552999,"Tapirus bairdii"
-79.7605962,9.1687499,-8878908.95435191,1009620.81538124,"Tapirus bairdii"
-79.80171003,9.20502019,-8883485.72497207,1013581.28374279,"Tapirus bairdii"
-78.66431677,9.243702672,-8756871.68643717,1017804.71097162,"Tapirus bairdii"
-79.96903826,9.321874044,-8902112.61833101,1026338.22921714,"Tapirus bairdii"
-82.62287305,9.339017105,-9197536.15580329,1028209.3901236,"Tapirus bairdii"
-79.0001838,9.34942944,-8794260.23319102,1029345.85017614,"Tapirus bairdii"
-79.56567431,9.475171532,-8857210.34881265,1043067.41482986,"Tapirus bairdii"
-79.56502772,9.479545285,-8857138.3707431,1043544.61149206,"Tapirus bairdii"
-82.52103646,9.518468842,-9186199.75846036,1047791.09015621,"Tapirus bairdii"
-88.41341655,17.51069939,-9842136.50963959,1907002.23683884,"Tapirus bairdii"
-88.41330046,17.51030259,-9842123.5865599,1906960.34333158,"Tapirus bairdii"
-88.41334524,17.5051332,-9842128.5714467,1906414.55927121,"Tapirus bairdii"
-88.40945425,17.49029523,-9841695.42842122,1904847.88263648,"Tapirus bairdii"
-88.28589307,17.54574552,-9827940.6607818,1910701.99850342,"Tapirus bairdii"
-88.29321573,17.53686852,-9828755.81556425,1909764.93433248,"Tapirus bairdii"
-88.40322966,17.56259803,-9841002.51023202,1912480.84151211,"Tapirus bairdii"
-88.40325744,17.56253457,-9841005.60268747,1912474.14338394,"Tapirus bairdii"
-88.41037164,17.52984301,-9841797.55180887,1909023.28339265,"Tapirus bairdii"
-88.5424192,17.35775413,-9856497.01894857,1890847.9236352,"Tapirus bairdii"
-88.41020553,17.530287,-9841779.06052826,1909070.15421484,"Tapirus bairdii"
-88.40967571,17.49092624,-9841720.08123565,1904914.51077469,"Tapirus bairdii"
-88.46446967,17.32616015,-9847819.71696139,1887509.27581759,"Tapirus bairdii"
-88.44891197,17.30147608,-9846087.84171948,1884900.43270185,"Tapirus bairdii"
-88.45626495,17.30819143,-9846906.37170889,1885610.20746681,"Tapirus bairdii"
-88.42554491,17.2979384,-9843486.63249894,1884526.50963472,"Tapirus bairdii"
-88.45277936,17.31836514,-9846518.35760498,1886685.46326992,"Tapirus bairdii"
-88.44072755,17.30026988,-9845176.75625264,1884772.94146036,"Tapirus bairdii"
-88.45521151,17.31061193,-9846789.10330451,1885866.03451715,"Tapirus bairdii"
-88.47883688,17.35908396,-9849419.06746271,1890988.43917924,"Tapirus bairdii"
-88.46462966,17.32735184,-9847837.52696672,1887635.21609813,"Tapirus bairdii"
-88.46003839,17.31308004,-9847326.42912823,1886126.89017135,"Tapirus bairdii"
-88.4460425,17.32550784,-9845768.41378023,1887440.33800092,"Tapirus bairdii"
-88.4737347,17.31523898,-9848851.09538318,1886355.06670757,"Tapirus bairdii"
-88.44896224,17.31870004,-9846093.43775028,1886720.85774498,"Tapirus bairdii"
-88.98560841,16.71782471,-9905832.61613084,1823116.22972576,"Tapirus bairdii"
-89.04282191,16.84520174,-9912201.59381734,1836616.08683904,"Tapirus bairdii"
-89.00175429,16.75377345,-9907629.96727085,1826927.09493498,"Tapirus bairdii"
-83.502314,9.918271,-9295435.07454004,1091381.05761571,"Tapirus bairdii"
-83.490182,9.429188,-9294084.54647774,1038050.04115523,"Tapirus bairdii"
-82.979595,9.110952,-9237246.26163207,1003308.86500302,"Tapirus bairdii"
-82.897098,8.996272,-9228062.7376001,990782.038008939,"Tapirus bairdii"
-83.210199,9.342346,-9262916.98148696,1028572.72780542,"Tapirus bairdii"
-83.18807,9.351956,-9260453.5924752,1029621.60797097,"Tapirus bairdii"
-83.160955,9.375069,-9257435.16448234,1032144.15285936,"Tapirus bairdii"
-83.5691,8.6825,-9302869.65805216,956488.201477646,"Tapirus bairdii"
-83.5719,8.6786,-9303181.35262638,956061.771535283,"Tapirus bairdii"
-83.5727,8.6803,-9303270.40821901,956247.651784324,"Tapirus bairdii"
-83.5726,8.6803,-9303259.27626993,956247.651784324,"Tapirus bairdii"
-83.5714,8.6831,-9303125.69288098,956553.805701087,"Tapirus bairdii"
-83.5731,8.68237,-9303314.93601533,956473.987215767,"Tapirus bairdii"
-83.57483,8.68148,-9303507.5187344,956376.674063326,"Tapirus bairdii"
-83.58497,8.68579,-9304636.29837105,956847.930046859,"Tapirus bairdii"
-83.57519,8.68124,-9303547.59375109,956350.432275876,"Tapirus bairdii"
-83.72792,8.627946,-9320549.41957995,950522.820728945,"Tapirus bairdii"
-83.54337,8.551778,-9300005.40755405,942192.585503788,"Tapirus bairdii"
-83.549969,8.542552,-9300740.00487379,941183.458842259,"Tapirus bairdii"
-83.556031,8.540787,-9301414.82362698,940990.402961693,"Tapirus bairdii"
-83.557661,8.540812,-9301596.27439697,940993.137470325,"Tapirus bairdii"
-83.584233,8.520457,-9304554.25590633,938766.642822226,"Tapirus bairdii"
-83.590533,8.516424,-9305255.56869833,938325.486747183,"Tapirus bairdii"
-83.600355,8.492961,-9306348.9487369,935758.859698192,"Tapirus bairdii"
-83.601514,8.505802,-9306477.96802673,937163.560837056,"Tapirus bairdii"
-83.596076,8.485054,-9305872.6126358,934893.875320228,"Tapirus bairdii"
-83.590194,8.481382,-9305217.83139095,934492.171858797,"Tapirus bairdii"
-83.58972,8.481267,-9305165.06595232,934479.591216151,"Tapirus bairdii"
-83.595542,8.490899,-9305813.16802771,935533.289372725,"Tapirus bairdii"
-83.60994,8.5814,-9307415.94605616,945432.436450902,"Tapirus bairdii"
-83.60755,8.60822,-9307149.89247316,948365.611587986,"Tapirus bairdii"
-83.65459,8.62693,-9312386.36132007,950411.71499777,"Tapirus bairdii"
-83.61943,8.64555,-9308472.36802378,952447.878111366,"Tapirus bairdii"
-83.58221,8.66337,-9304329.05657646,954396.466634307,"Tapirus bairdii"
-83.70484,8.62794,-9317980.16573244,950522.164593589,"Tapirus bairdii"
-83.66394,8.64679,-9313427.19855899,952583.473036879,"Tapirus bairdii"
-83.70371,8.58188,-9317854.37470784,945484.933530509,"Tapirus bairdii"
-83.71237,8.62401,-9318818.40149811,950092.393756325,"Tapirus bairdii"
-83.71296,8.631,-9318884.07999768,950856.792305795,"Tapirus bairdii"
-83.60414,8.57263,-9306770.29300955,944473.259684742,"Tapirus bairdii"
-83.683,8.61573,-9315548.94805351,949186.908126784,"Tapirus bairdii"
-83.66472,8.63783,-9313514.02776181,951603.680578021,"Tapirus bairdii"
-83.69747,8.58297,-9317159.74108529,945604.145408745,"Tapirus bairdii"
-83.61751,8.64064,-9308258.63460146,951910.961680548,"Tapirus bairdii"
-83.71988,8.62761,-9319654.41087397,950486.077133527,"Tapirus bairdii"
-83.69794,8.58289,-9317212.06124596,945595.39592443,"Tapirus bairdii"
-83.69869,8.58256,-9317295.55086406,945559.304282645,"Tapirus bairdii"
-83.69812,8.58298,-9317232.09875431,945605.23909416,"Tapirus bairdii"
-83.69003,8.68656,-9316331.52407379,956932.121395931,"Tapirus bairdii"
-83.66634,8.63425,-9313694.3653369,951212.194662862,"Tapirus bairdii"
-83.67648,8.58187,-9314823.14497354,945483.839842011,"Tapirus bairdii"
-83.6121,8.57686,-9307656.39615627,944935.89837694,"Tapirus bairdii"
-83.6719,8.58249,-9314313.30170571,945551.648475915,"Tapirus bairdii"
-83.53849,8.66127,-9299462.16843898,954166.839660693,"Tapirus bairdii"
-83.48153,8.7403,-9293121.41024339,962807.604820497,"Tapirus bairdii"
