"","X","Route.Point","detN","site","POINT","WMA","grass250m","grass500m","grass1km","grass1.5km","grass2km","grass2.5km","grass3km","grass3.5m","grass4km","grass4.5km","grass5km","trees250m","trees500m","trees1km","trees1.5km","trees2km","trees2.5km","trees3km","trees3.5km","trees4km","trees4.5km","trees5km","Occur"
"1",1,"ALEX.1.1",1,"ALEX.1",1,"ALEX",0.667984,0.591565,0.59669,0.569535,0.536417,0.537794,0.494605,0.455085,0.451783,0.441321,0.427544,0.158103,0.0865705,0.122483,0.103505,0.0727635,0.0870646,0.116275,0.127452,0.132728,0.128535,0.133371,1
"2",2,"ALEX.2.2",0,"ALEX.2",2,"ALEX",0.826087,0.735849,0.665931,0.61109,0.606836,0.559346,0.503613,0.468277,0.43696,0.424258,0.419588,0.15415,0.210877,0.16,0.134608,0.137284,0.126869,0.125983,0.127289,0.13849,0.138524,0.133075,0
"3",3,"ALEX.3.3",1,"ALEX.3",3,"ALEX",0.604743,0.592675,0.566345,0.565201,0.602075,0.571454,0.496196,0.46958,0.443538,0.429097,0.426711,0.312253,0.316315,0.17131,0.142001,0.138421,0.140243,0.138269,0.134315,0.14693,0.145173,0.140209,1
"4",4,"ALEX.4.4",2,"ALEX.4",4,"ALEX",0.972332,0.90677,0.840552,0.707202,0.56413,0.509737,0.488748,0.470301,0.441694,0.411355,0.400913,0.0237154,0.0499445,0.0471724,0.0599108,0.0763163,0.0965978,0.111691,0.107815,0.102693,0.105035,0.112768,1
"5",5,"ALEX.5.5",1,"ALEX.5",5,"ALEX",0.826087,0.826859,0.796966,0.647419,0.565409,0.516333,0.490944,0.471115,0.443255,0.420976,0.406392,0,0.0188679,0.0430345,0.0513703,0.0638101,0.0945647,0.104179,0.105093,0.103066,0.104441,0.109218,1
"6",6,"ALEX.6.6",0,"ALEX.6",6,"ALEX",0.762846,0.839068,0.845517,0.739962,0.587366,0.502056,0.495783,0.471534,0.424071,0.407564,0.400388,0.0988142,0.0566038,0.0656552,0.122243,0.116606,0.119369,0.104657,0.111817,0.11654,0.119848,0.121306,0
"7",7,"ALEX.7.7",2,"ALEX.7",7,"ALEX",0.86166,0.841287,0.743172,0.681198,0.569601,0.520896,0.509979,0.469417,0.440577,0.422928,0.414531,0.12253,0.115427,0.107862,0.0831103,0.0887515,0.0956942,0.113155,0.121682,0.118899,0.120244,0.12118,1
"8",8,"ALEX.8.8",1,"ALEX.8",8,"ALEX",0.727273,0.81687,0.692138,0.604589,0.583245,0.578141,0.518987,0.450036,0.432918,0.419391,0.418789,0.0316206,0.0199778,0.169931,0.201785,0.16656,0.139746,0.131426,0.128266,0.139998,0.141622,0.132298,1
"9",9,"ALEX.9.9",2,"ALEX.9",9,"ALEX",0.83004,0.796892,0.730207,0.625749,0.552761,0.521077,0.480918,0.459249,0.441499,0.417722,0.39443,0.0474308,0.0133185,0.0187586,0.0256214,0.0626732,0.0972304,0.100105,0.0936228,0.0928352,0.0934763,0.0987158,1
"10",10,"ALVIN.1.1",2,"ALVIN.1",1,"ALVIN",0.743083,0.582686,0.537931,0.575143,0.609181,0.642977,0.658083,0.658314,0.664031,0.680353,0.680612,0,0,0.0204138,0.0215424,0.0142116,0.0171238,0.0238088,0.0340848,0.0406198,0.0443401,0.0505793,1
"11",11,"ALVIN.2.2",2,"ALVIN.2",2,"ALVIN",0.624506,0.599334,0.6,0.531166,0.603212,0.619979,0.643187,0.657174,0.669545,0.674212,0.669996,0.0474308,0.0499445,0.0187586,0.020905,0.0186883,0.0257986,0.032753,0.036109,0.041134,0.0482732,0.0554192,1
"12",12,"ALVIN.3.3",2,"ALVIN.3",3,"ALVIN",0.731225,0.622642,0.549793,0.539452,0.582321,0.623594,0.6415,0.656872,0.662435,0.675698,0.675452,0,0.0255272,0.0182069,0.0188655,0.0160591,0.0220937,0.0293472,0.0325493,0.040744,0.0455426,0.051892,1
"13",13,"ALVIN.4.4",1,"ALVIN.4",4,"ALVIN",0.826087,0.72919,0.622897,0.557808,0.617992,0.655853,0.65264,0.65857,0.673782,0.682432,0.673306,0,0.0122087,0.0245517,0.0262588,0.023307,0.0253016,0.0328166,0.0398083,0.0424638,0.0476649,0.0594258,1
"14",14,"ALVIN.5.5",1,"ALVIN.5",5,"ALVIN",0.636364,0.710322,0.648552,0.581517,0.624529,0.67998,0.658656,0.663316,0.676477,0.686648,0.669551,0,0,0.0286897,0.0282983,0.0277837,0.0278317,0.0358086,0.0452526,0.0442368,0.0494051,0.0648479,1
"15",15,"ALVIN.6.6",1,"ALVIN.6",6,"ALVIN",0.980237,0.873474,0.683862,0.634162,0.627727,0.672932,0.671197,0.660199,0.673357,0.690935,0.680772,0,0,0.0289655,0.0285532,0.0260783,0.0225003,0.0317662,0.0405063,0.0458325,0.0460095,0.058935,1
"16",16,"ALVIN.7.7",1,"ALVIN.7",7,"ALVIN",0.822134,0.793563,0.717793,0.687317,0.671072,0.670085,0.670083,0.663805,0.675006,0.684809,0.689938,0.0632411,0.0488346,0.0275862,0.0210325,0.023236,0.0210545,0.0288061,0.0361555,0.0450347,0.048542,0.0513327,1
"17",17,"ALVIN.8.8",0,"ALVIN.8",8,"ALVIN",1,0.90899,0.593379,0.590185,0.612805,0.651561,0.660821,0.653452,0.669332,0.685842,0.68189,0,0,0.0303448,0.0240918,0.018404,0.0201509,0.0281376,0.038645,0.0419851,0.0448211,0.0540152,0
"18",18,"ALVIN.9.9",1,"ALVIN.9",9,"ALVIN",0.822134,0.780244,0.596138,0.621032,0.634548,0.661004,0.668969,0.653987,0.670077,0.68512,0.686068,0,0.00665927,0.0278621,0.0219248,0.0164144,0.0192473,0.0237133,0.0373421,0.0397688,0.0464481,0.0496775,1
"19",19,"BBOW.1.1",2,"BBOW.1",1,"BBOW",0.770751,0.751387,0.747586,0.782664,0.741775,0.682646,0.685011,0.665945,0.642471,0.623987,0.603938,0.130435,0.114317,0.106207,0.101721,0.0692105,0.0606334,0.0649012,0.0731021,0.0833319,0.0799366,0.0794475,1
"20",20,"BBOW.2.2",1,"BBOW.2",2,"BBOW",0.996047,0.887902,0.753655,0.760739,0.723726,0.700989,0.691473,0.671343,0.642861,0.629844,0.607579,0,0.0654828,0.120276,0.0962396,0.0727635,0.0663715,0.0655378,0.0778018,0.0863283,0.0805025,0.0803493,1
"21",21,"BBOW.3.3",1,"BBOW.3",3,"BBOW",0.814229,0.845727,0.758069,0.716252,0.714631,0.713188,0.694656,0.671111,0.642294,0.627821,0.612636,0.083004,0.0843507,0.132414,0.090376,0.0759611,0.0708896,0.0649648,0.0823852,0.0888637,0.0818183,0.0803265,1
"22",22,"BBOW.4.4",0,"BBOW.4",4,"BBOW",0.790514,0.72475,0.736552,0.693053,0.691111,0.696291,0.68743,0.679137,0.644864,0.625925,0.602648,0.189723,0.18424,0.137655,0.090631,0.0833511,0.0725613,0.0673202,0.0699379,0.0812397,0.0799225,0.079653,0
"23",23,"BBOW.5.5",0,"BBOW.5",5,"BBOW",0.928854,0.853496,0.749793,0.722116,0.693242,0.689965,0.683961,0.671366,0.645715,0.624496,0.60081,0.055336,0.102109,0.132966,0.0985341,0.0814325,0.0687661,0.064933,0.0677509,0.0770376,0.0790028,0.0787284,0
"24",24,"BBOW.6.6",1,"BBOW.6",6,"BBOW",0.924901,0.764706,0.735172,0.689739,0.656719,0.683459,0.677913,0.668993,0.649652,0.616545,0.590514,0.0474308,0.187569,0.132966,0.0973869,0.088112,0.0719288,0.0663972,0.0615388,0.0677116,0.0770363,0.0806118,1
"25",25,"BBOW.7.7",1,"BBOW.7",7,"BBOW",0.853755,0.857936,0.766897,0.708859,0.684929,0.674016,0.67559,0.658942,0.643481,0.619502,0.592923,0.0671937,0.0843507,0.119172,0.10376,0.0826405,0.0701667,0.0633733,0.0615156,0.0701406,0.0754234,0.0795959,1
"26",26,"BBOW.8.8",1,"BBOW.8",8,"BBOW",0.909091,0.750277,0.771586,0.805864,0.765722,0.707134,0.68708,0.666876,0.642701,0.631499,0.612716,0,0.0510544,0.0833103,0.0936902,0.0688553,0.0564316,0.0703759,0.0872246,0.0902821,0.0866004,0.0810913,1
"27",27,"BBOW.9.9",0,"BBOW.9",9,"BBOW",0.992095,0.958935,0.788414,0.763799,0.740283,0.723445,0.695674,0.666876,0.639758,0.632405,0.616985,0,0.0144284,0.0924138,0.0933078,0.0726213,0.065016,0.0693574,0.0909704,0.0922501,0.0848318,0.0826437,0
"28",28,"BLUE.1.1",0,"BLUE.1",1,"BLUE",0.581028,0.372919,0.411586,0.50529,0.456619,0.415624,0.391126,0.390894,0.397475,0.399329,0.388425,0.0750988,0.125416,0.114759,0.135755,0.132452,0.126146,0.117643,0.117215,0.113012,0.110072,0.104503,0
"29",29,"BLUE.2.2",0,"BLUE.2",2,"BLUE",0.711462,0.608213,0.45131,0.466667,0.436865,0.424299,0.401025,0.379144,0.367174,0.366011,0.367022,0.0158103,0.0321865,0.0733793,0.088209,0.117459,0.120047,0.12611,0.126381,0.115902,0.1131,0.11077,0
"30",30,"BLUE.3.3",1,"BLUE.3",3,"BLUE",0.901186,0.564928,0.401655,0.42014,0.41306,0.41341,0.390712,0.362928,0.355118,0.357904,0.368826,0.0197628,0.0965594,0.0755862,0.0930529,0.101116,0.119189,0.132794,0.128731,0.116363,0.116226,0.112334,1
"31",31,"BLUE.4.4",0,"BLUE.4",4,"BLUE",0.478261,0.522753,0.53269,0.482345,0.463867,0.436949,0.418563,0.404318,0.383912,0.372773,0.366566,0.371542,0.120977,0.0717241,0.128744,0.136645,0.129354,0.115956,0.113143,0.114182,0.108304,0.108042,0
"32",32,"BLUE.5.5",0,"BLUE.5",5,"BLUE",0.853755,0.709212,0.436966,0.435564,0.42578,0.411603,0.396696,0.372839,0.358132,0.356574,0.360288,0.00790514,0.00332963,0.0686897,0.0894837,0.10545,0.115664,0.13219,0.126149,0.119448,0.117387,0.11464,0
"33",33,"BLUE.6.6",0,"BLUE.6",6,"BLUE",0.166008,0.277469,0.420138,0.460803,0.437362,0.404102,0.385778,0.370303,0.384266,0.388478,0.390206,0.126482,0.0976693,0.120276,0.10478,0.110353,0.121719,0.126333,0.120588,0.115548,0.108304,0.106604,0
"34",34,"BLUE.7.7",1,"BLUE.7",7,"BLUE",0.596838,0.495006,0.393379,0.389165,0.405244,0.401663,0.388675,0.358042,0.344781,0.352117,0.364568,0.00395257,0.0621532,0.0678621,0.0982792,0.0961415,0.119866,0.131457,0.126312,0.121895,0.118108,0.113966,1
"35",35,"BLUE.8.8",0,"BLUE.8",8,"BLUE",0.351779,0.352941,0.372414,0.404461,0.403326,0.389961,0.363084,0.35888,0.364142,0.381347,0.388973,0.0671937,0.105438,0.113379,0.0894837,0.0925886,0.121719,0.127192,0.125544,0.117374,0.108502,0.109366,0
"36",36,"BLUE.9.9",0,"BLUE.9",9,"BLUE",0.288538,0.350721,0.464,0.487699,0.476942,0.45326,0.432473,0.41074,0.391748,0.375164,0.374077,0.268775,0.165372,0.157517,0.157425,0.140553,0.132924,0.117261,0.109048,0.107941,0.105927,0.102848,0
"37",37,"CECIL.1.1",2,"CECIL.1",1,"CECIL",0.905138,0.733629,0.608552,0.608795,0.614226,0.609091,0.612726,0.639143,0.653942,0.656456,0.65575,0,0.00443951,0.008,0.0161887,0.0166986,0.0160394,0.0150874,0.0154952,0.0184571,0.0212787,0.024074,1
"38",38,"CECIL.2.2",1,"CECIL.2",2,"CECIL",0.960474,0.879023,0.660138,0.557808,0.577205,0.574572,0.602254,0.621554,0.642063,0.640215,0.641824,0,0.00221976,0.00634483,0.0160612,0.0173382,0.0162201,0.0143871,0.0150764,0.0180848,0.0216748,0.024074,1
"39",39,"CECIL.3.3",3,"CECIL.3",3,"CECIL",0.660079,0.803552,0.706759,0.527852,0.545228,0.555641,0.591527,0.608967,0.629226,0.629717,0.626425,0,0.00221976,0.00331034,0.0145315,0.0179777,0.0160394,0.0150237,0.0152393,0.0175174,0.0212221,0.0237544,1
"40",40,"CECIL.4.4",0,"CECIL.4",4,"CECIL",0.901186,0.841287,0.657931,0.518802,0.539046,0.565129,0.582073,0.594379,0.611088,0.619742,0.613972,0,0,0.00662069,0.016826,0.015917,0.0133737,0.0150555,0.0172169,0.0189713,0.0232028,0.0257063,0
"41",41,"CECIL.5.5",2,"CECIL.5",5,"CECIL",1,0.894562,0.623172,0.545316,0.588858,0.587087,0.59767,0.611875,0.633003,0.634937,0.635306,0,0,0.0110345,0.0166985,0.0162723,0.0145936,0.0146736,0.0160071,0.0189181,0.0222832,0.0252839,1
"42",42,"CECIL.6.6",3,"CECIL.6",6,"CECIL",0.802372,0.750277,0.558897,0.602294,0.618774,0.620431,0.61037,0.627812,0.643588,0.647614,0.647543,0,0,0.0157241,0.0165711,0.015917,0.0145032,0.0145144,0.0168912,0.0214181,0.0225803,0.0262885,1
"43",43,"CECIL.7.7",3,"CECIL.7",7,"CECIL",0.699605,0.592675,0.508138,0.621032,0.617423,0.633308,0.613235,0.624788,0.63412,0.642846,0.643091,0,0.0166482,0.0228966,0.0152964,0.0139274,0.0140062,0.0143871,0.0190084,0.0228187,0.0243771,0.028697,1
"44",44,"CECIL.8.8",1,"CECIL.8",8,"CECIL",0.73913,0.697003,0.559448,0.56877,0.582179,0.599467,0.591909,0.605291,0.614262,0.623732,0.627795,0.00790514,0.0166482,0.0226207,0.0196303,0.0137142,0.0125604,0.0156285,0.0194505,0.0221273,0.0244903,0.0277724,1
"45",45,"CECIL.9.9",0,"CECIL.9",9,"CECIL",0.632411,0.602664,0.611586,0.535118,0.548497,0.573985,0.575453,0.587771,0.597188,0.609824,0.610502,0,0.00554939,0.0217931,0.0178458,0.0130747,0.0125604,0.0157876,0.0186361,0.0213294,0.0237263,0.0272587,0
"46",46,"CEDV.1.1",2,"CEDV.1",1,"CEDV",0.992095,0.99556,0.936828,0.924665,0.881262,0.840419,0.823853,0.821572,0.810429,0.809807,0.80944,0,0,0.0151724,0.0345443,0.0645207,0.0761307,0.0732406,0.0689142,0.0626762,0.0580637,0.0578392,1
"47",47,"CEDV.2.2",0,"CEDV.2",2,"CEDV",1,0.99778,0.986759,0.897897,0.843388,0.832196,0.829933,0.825737,0.815234,0.812015,0.808949,0,0,0.00524138,0.050733,0.0876146,0.0815073,0.0769965,0.0738466,0.0682257,0.0646425,0.0640489,0
"48",48,"CEDV.3.3",2,"CEDV.3",3,"CEDV",1,0.961154,0.872,0.853155,0.835927,0.840374,0.833848,0.819339,0.818319,0.810854,0.807762,0,0.0288568,0.0857931,0.0731676,0.0878988,0.0862061,0.0804978,0.0757777,0.0718604,0.0709667,0.0665944,1
"49",49,"CEDV.4.4",0,"CEDV.4",4,"CEDV",1,0.973363,0.912276,0.909114,0.866127,0.828943,0.815482,0.809567,0.809932,0.806794,0.809748,0,0.0233074,0.0466207,0.0374761,0.0462588,0.0730583,0.0713626,0.0662851,0.0622507,0.0598605,0.0572913,0
"50",50,"CEDV.5.5",2,"CEDV.5",5,"CEDV",1,0.99556,0.949241,0.890376,0.859802,0.839109,0.832798,0.820432,0.817166,0.80951,0.805719,0,0,0.0129655,0.056724,0.0805798,0.0839922,0.0757233,0.0726833,0.0661868,0.0638927,0.0624508,1
"51",51,"CEDV.6.6",0,"CEDV.6",6,"CEDV",1,0.99667,0.978483,0.924665,0.849783,0.818235,0.828373,0.821014,0.813195,0.808322,0.809977,0,0,0.0154483,0.0354366,0.0756768,0.0823205,0.0755324,0.0717992,0.0674811,0.06211,0.0624736,0
"52",52,"CEDV.7.7",0,"CEDV.7",7,"CEDV",0.822134,0.701443,0.786483,0.790822,0.814467,0.813943,0.814018,0.818199,0.813337,0.814547,0.815353,0.162055,0.214206,0.127448,0.117909,0.0924465,0.0812362,0.0822166,0.0855029,0.0811333,0.0745321,0.0708978,0
"53",53,"CEDV.8.8",2,"CEDV.8",8,"CEDV",0.992095,0.977802,0.889655,0.870108,0.866411,0.843221,0.835503,0.818827,0.816936,0.808463,0.805719,0,0,0.0571034,0.0740599,0.0724082,0.0839922,0.077665,0.0692864,0.065123,0.0638361,0.0630786,1
"54",54,"CEDV.9.9",2,"CEDV.9",9,"CEDV",0.98419,0.917869,0.944276,0.905927,0.879557,0.853115,0.827737,0.825551,0.813975,0.809935,0.807408,0,0,0.00275862,0.0518802,0.069779,0.0745493,0.0742273,0.0668202,0.0626407,0.0572997,0.058193,1
"55",55,"CLINT.1.1",5,"CLINT.1",1,"CLINT",0.901186,0.762486,0.807448,0.748502,0.73268,0.791488,0.809657,0.802378,0.777539,0.768269,0.758655,0,0,0.0022069,0.00101976,0.00177645,0.00112954,0.000795748,0.00141923,0.00251769,0.00205147,0.00215741,1
"56",56,"CLINT.2.2",5,"CLINT.2",2,"CLINT",1,0.991121,0.803586,0.767113,0.754637,0.799349,0.829646,0.816058,0.790146,0.783803,0.767776,0,0,0.0022069,0.00101976,0.000568464,0.00112954,0.000795748,0.0013029,0.00120565,0.00215051,0.00207751,1
"57",57,"CLINT.3.3",4,"CLINT.3",3,"CLINT",0.956522,0.920089,0.784276,0.765201,0.793861,0.818371,0.83945,0.819455,0.803124,0.796975,0.794852,0,0,0.0022069,0.00101976,0.000568464,0.000948809,0.000795748,0.000581652,0.0012943,0.00192414,0.00205468,1
"58",58,"CLINT.4.4",4,"CLINT.4",4,"CLINT",0.956522,0.826859,0.779862,0.830848,0.831237,0.854471,0.839068,0.833694,0.828531,0.821734,0.820958,0,0,0,0.000892288,0.000568464,0.000361451,0.000445619,0.000581652,0.000744668,0.0014997,0.00172365,1
"59",59,"CLINT.5.5",3,"CLINT.5",5,"CLINT",1,0.874584,0.765793,0.781007,0.756981,0.788099,0.813604,0.810195,0.787539,0.769245,0.75321,0,0,0,0.00101976,0.00106587,0.00112954,0.000795748,0.00158209,0.00122338,0.00212221,0.00259118,1
"60",60,"CLINT.6.6",4,"CLINT.6",6,"CLINT",0.905138,0.894562,0.939034,0.912301,0.856676,0.832241,0.827386,0.829902,0.827929,0.826233,0.802888,0,0,0,0,0,0.000361451,0.000477449,0.000744515,0.00157799,0.00142896,0.00170082,1
"61",61,"CLINT.7.7",3,"CLINT.7",7,"CLINT",0.806324,0.931188,0.912276,0.8645,0.819228,0.79578,0.801477,0.822736,0.818922,0.787496,0.767251,0,0,0,0,0.000213174,0.000361451,0.000795748,0.0013727,0.00132976,0.00135822,0.00210034,1
"62",62,"CLINT.8.8",3,"CLINT.8",8,"CLINT",1,0.903441,0.902621,0.887189,0.835003,0.830886,0.827036,0.830064,0.836102,0.82247,0.79976,0,0,0,0,0.000568464,0.000361451,0.000254639,0.000744515,0.00148934,0.00148555,0.00120998,1
"63",63,"CLINT.9.9",4,"CLINT.9",9,"CLINT",0.980237,0.940067,0.906483,0.856597,0.812691,0.792075,0.798549,0.802727,0.798461,0.776262,0.749672,0,0,0,0,0,0.000361451,0.00108222,0.00139597,0.00136522,0.00189584,0.00211175,1
"64",64,"DIAM.1.1",1,"DIAM.1",1,"DIAM",0.478261,0.45394,0.607724,0.558317,0.56548,0.568518,0.541363,0.519206,0.516799,0.504817,0.507126,0.41502,0.372919,0.206345,0.143148,0.0975627,0.0861158,0.0822803,0.0764524,0.0738107,0.0766401,0.0742374,1
"65",65,"DIAM.2.2",2,"DIAM.2",2,"DIAM",0.636364,0.538291,0.566069,0.580752,0.569672,0.574527,0.577522,0.540215,0.520115,0.522864,0.521898,0.237154,0.193119,0.14069,0.106565,0.0829958,0.0677269,0.0593946,0.0643773,0.0660804,0.0674731,0.0694941,1
"66",66,"DIAM.3.3",1,"DIAM.3",3,"DIAM",0.434783,0.516093,0.561379,0.544551,0.56278,0.575385,0.558042,0.529536,0.513484,0.514821,0.512731,0.181818,0.206437,0.138759,0.0959847,0.0794429,0.0672751,0.0643601,0.0617249,0.0650343,0.0627546,0.0661522,1
"67",67,"DIAM.4.4",0,"DIAM.4",4,"DIAM",0.581028,0.54162,0.590621,0.567878,0.552974,0.586003,0.568259,0.533166,0.518767,0.51458,0.515529,0.12253,0.211987,0.175172,0.116762,0.0871172,0.0702119,0.0676385,0.0685186,0.068403,0.0694246,0.0713804,0
"68",68,"DIAM.5.5",1,"DIAM.5",5,"DIAM",0.581028,0.601554,0.603034,0.56826,0.581681,0.564677,0.562434,0.536795,0.522207,0.52136,0.521747,0.284585,0.190899,0.105931,0.0901211,0.0702054,0.0638413,0.0585352,0.0561178,0.0604067,0.0611232,0.0640074,1
"69",69,"DIAM.6.6",4,"DIAM.6",6,"DIAM",0.711462,0.599334,0.597793,0.592734,0.583955,0.561921,0.553554,0.543054,0.533022,0.528855,0.531703,0.102767,0.136515,0.0786207,0.0741874,0.066155,0.0600913,0.0527103,0.0559317,0.0549104,0.0598818,0.060642,1
"70",70,"DIAM.7.7",2,"DIAM.7",7,"DIAM",0.628458,0.513873,0.488828,0.554238,0.559937,0.547553,0.530604,0.514181,0.503466,0.499499,0.496552,0.166008,0.246393,0.153379,0.126322,0.0956441,0.0812362,0.0790018,0.0762895,0.0706902,0.0691195,0.0693952,1
"71",71,"DIAM.8.8",1,"DIAM.8",8,"DIAM",0.29249,0.491676,0.550345,0.546335,0.556242,0.58153,0.556864,0.524395,0.511321,0.506739,0.506553,0.367589,0.264151,0.177379,0.115488,0.0837774,0.0760403,0.070917,0.0677974,0.0673392,0.067279,0.0697556,1
"72",72,"DIAM.9.9",2,"DIAM.9",9,"DIAM",0.667984,0.584906,0.555586,0.578713,0.58296,0.573442,0.580832,0.554501,0.529104,0.530241,0.526413,0.0948617,0.112098,0.107586,0.0973869,0.080722,0.065016,0.0591718,0.0643773,0.0674633,0.0692407,0.0698051,1
"73",73,"EVERS.1.1",2,"EVERS.1",1,"EVERS",0.541502,0.477248,0.450759,0.406756,0.413274,0.427732,0.429035,0.423769,0.433663,0.448437,0.461515,0.0948617,0.0899001,0.0866207,0.0850223,0.0938677,0.0822753,0.0799567,0.0725669,0.0680662,0.0640483,0.0725872,1
"74",74,"EVERS.2.2",1,"EVERS.2",2,"EVERS",0.640316,0.482797,0.446345,0.436711,0.417253,0.452898,0.42668,0.415765,0.421074,0.442948,0.454084,0.0118577,0.0643729,0.0708966,0.07355,0.0866198,0.0835856,0.0798294,0.0700542,0.0670555,0.0611338,0.0710233,1
"75",75,"EVERS.3.3",1,"EVERS.3",3,"EVERS",0.885375,0.63374,0.449379,0.413639,0.413842,0.44594,0.432123,0.421209,0.438343,0.454861,0.467964,0.0790514,0.054384,0.0811035,0.0771192,0.08328,0.078209,0.0732088,0.0699379,0.0654421,0.0639068,0.0681696,1
"76",76,"EVERS.4.4",1,"EVERS.4",4,"EVERS",0.73913,0.663707,0.49269,0.434672,0.418603,0.454751,0.436961,0.422047,0.444194,0.460746,0.471857,0.0474308,0.0288568,0.0689655,0.0648821,0.0676473,0.0750011,0.0678613,0.0667272,0.0620379,0.0612753,0.0639347,1
"77",77,"EVERS.5.5",2,"EVERS.5",5,"EVERS",0.822134,0.7303,0.488276,0.407393,0.416045,0.440428,0.44304,0.442614,0.463751,0.475899,0.487518,0.0592885,0.0599334,0.0711724,0.0676864,0.0714844,0.069489,0.0656014,0.0628185,0.0620734,0.0668496,0.0658981,1
"78",78,"EVERS.6.6",1,"EVERS.6",6,"EVERS",0.853755,0.689234,0.485241,0.406756,0.420806,0.430624,0.442531,0.460994,0.474867,0.489368,0.500063,0.0592885,0.0976693,0.0703448,0.0676864,0.0730477,0.0678625,0.0624821,0.0597706,0.0663641,0.0691275,0.067051,1
"79",79,"EVERS.7.7",2,"EVERS.7",7,"EVERS",0.790514,0.594895,0.464828,0.426514,0.423719,0.433425,0.449152,0.481096,0.485488,0.503162,0.512402,0.134387,0.117647,0.0615172,0.0669216,0.0719108,0.06226,0.0596492,0.0590726,0.0677648,0.0677127,0.068124,1
"80",80,"EVERS.8.8",2,"EVERS.8",8,"EVERS",0.873518,0.573807,0.513931,0.427916,0.424003,0.437853,0.459751,0.492822,0.499548,0.508666,0.523383,0.0671937,0.107658,0.0543448,0.0613129,0.0645207,0.0557087,0.0541745,0.0575371,0.064006,0.0659442,0.0654415,1
"81",81,"EVERS.9.9",2,"EVERS.9",9,"EVERS",0.715415,0.540511,0.424828,0.399618,0.423435,0.423124,0.44199,0.45683,0.472509,0.487981,0.497677,0.142292,0.0854606,0.0835862,0.0794136,0.0757479,0.0745493,0.0649967,0.0620274,0.0676584,0.0720844,0.0696536,1
"82",82,"FLOYD.1.1",2,"FLOYD.1",1,"FLOYD",0.885375,0.9101,0.844414,0.7355,0.653663,0.604572,0.56183,0.549266,0.533962,0.523691,0.513875,0,0.0144284,0.0606897,0.150287,0.163078,0.166539,0.166057,0.159419,0.161469,0.158557,0.155802,1
"83",83,"FLOYD.2.2",1,"FLOYD.2",2,"FLOYD",0.928854,0.845727,0.817655,0.736902,0.639878,0.59897,0.551167,0.529932,0.525097,0.516178,0.497974,0,0.017758,0.08,0.13754,0.147659,0.145574,0.144731,0.15344,0.147976,0.147324,0.148702,1
"84",84,"FLOYD.3.3",1,"FLOYD.3",3,"FLOYD",0.881423,0.795782,0.886897,0.790822,0.672209,0.598202,0.548111,0.528931,0.517402,0.500191,0.490337,0,0,0.016,0.101976,0.125773,0.137171,0.143107,0.138782,0.137303,0.141481,0.143257,1
"85",85,"FLOYD.4.4",3,"FLOYD.4",4,"FLOYD",0.782609,0.801332,0.778759,0.717527,0.61721,0.577147,0.531241,0.496545,0.47196,0.473013,0.46648,0.0395257,0.0110988,0.0366897,0.0479286,0.0606836,0.0712059,0.0908744,0.101068,0.104573,0.104738,0.114286,1
"86",86,"FLOYD.5.5",3,"FLOYD.5",5,"FLOYD",0.920949,0.900111,0.760552,0.664627,0.598238,0.552975,0.520387,0.493334,0.467297,0.471513,0.46325,0.0118577,0.0110988,0.0350345,0.054812,0.0654445,0.064022,0.0905879,0.0931807,0.0976756,0.0983291,0.108658,1
"87",87,"FLOYD.6.6",2,"FLOYD.6",6,"FLOYD",0.924901,0.90899,0.677793,0.570554,0.554466,0.51439,0.496833,0.481003,0.471889,0.46301,0.452908,0.0316206,0.0421754,0.0637241,0.0634799,0.0643786,0.0590973,0.0825349,0.0795002,0.0853708,0.0910004,0.100896,1
"88",88,"FLOYD.7.7",3,"FLOYD.7",7,"FLOYD",0.853755,0.775805,0.595034,0.540344,0.518084,0.495279,0.491295,0.476652,0.468715,0.460053,0.447737,0.0592885,0.0610433,0.038069,0.0611855,0.0528672,0.0553472,0.0605086,0.0749866,0.0768426,0.0864306,0.0886365,1
"89",89,"FLOYD.8.8",1,"FLOYD.8",8,"FLOYD",1,0.899001,0.701517,0.602549,0.568536,0.532553,0.510265,0.487867,0.464655,0.467495,0.457725,0,0.0188679,0.0342069,0.0558317,0.0570596,0.058284,0.0776013,0.0822689,0.090619,0.0936885,0.0990583,1
"90",90,"FLOYD.9.9",2,"FLOYD.9",9,"FLOYD",0.679842,0.590455,0.613241,0.573359,0.546365,0.555776,0.516313,0.48198,0.460346,0.455936,0.458387,0.00395257,0.036626,0.0364138,0.0266412,0.0490301,0.0551213,0.0586307,0.0788255,0.0945019,0.0937027,0.0909309,1
"91",91,"GESS.1.1",2,"GESS.1",1,"GESS",0.786561,0.783574,0.81269,0.73805,0.777233,0.781774,0.738422,0.69996,0.681921,0.650854,0.633206,0,0,0,0,0,0.00180726,0.0024509,0.00207068,0.00285456,0.0036785,0.00347012,1
"92",92,"GESS.2.2",3,"GESS.2",2,"GESS",0.952569,0.915649,0.833379,0.778585,0.767214,0.788461,0.750263,0.704683,0.670821,0.652552,0.638879,0,0,0,0,0,0.000180726,0.00155967,0.00188455,0.00228719,0.00336724,0.00334456,1
"93",93,"GESS.3.3",4,"GESS.3",3,"GESS",0.992095,0.930078,0.878069,0.854557,0.784197,0.74721,0.74953,0.712757,0.666336,0.654306,0.641915,0,0,0,0,0,0,0,0.0013727,0.00166664,0.00213636,0.00286513,1
"94",94,"GESS.4.4",3,"GESS.4",4,"GESS",0.841897,0.833518,0.877241,0.85188,0.766645,0.747391,0.734793,0.728043,0.686903,0.659541,0.652189,0,0,0,0,0,0,0,0.00095391,0.00134749,0.00151384,0.00243137,1
"95",95,"GESS.5.5",1,"GESS.5",5,"GESS",0.885375,0.896781,0.922483,0.903123,0.804875,0.71983,0.706083,0.694307,0.667311,0.640045,0.632681,0,0,0,0,0,0,0.000190979,0.000791047,0.0012943,0.00186755,0.00218024,1
"96",96,"GESS.6.6",0,"GESS.6",6,"GESS",0.889328,0.946726,0.912828,0.816189,0.772188,0.721502,0.702295,0.694446,0.696264,0.675245,0.653068,0,0,0,0,0,0,0.000190979,0.000139597,0.000106381,0.000891329,0.00125564,0
"97",97,"GESS.7.7",1,"GESS.7",7,"GESS",0.924901,0.937847,0.837793,0.738432,0.778796,0.730674,0.718019,0.713176,0.705608,0.70306,0.683077,0,0,0,0,0,0,0,0.000139597,0.000106381,0.000495183,0.00089036,1
"98",98,"GESS.8.8",1,"GESS.8",8,"GESS",0.932806,0.957825,0.865931,0.774634,0.765793,0.731758,0.70742,0.693818,0.696105,0.692859,0.669437,0,0,0,0,0,0,9.54897e-05,0.000139597,0.000106381,0.000622515,0.000947435,1
"99",99,"GESS.9.9",2,"GESS.9",9,"GESS",0.936759,0.945616,0.843862,0.761122,0.785263,0.725071,0.71525,0.715665,0.707204,0.690299,0.670658,0,0,0,0,0,0,0,0.000139597,0.000106381,0.000778144,0.001073,1
"100",100,"GRAHAM.1.1",1,"GRAHAM.1",1,"GRAHAM",0.632411,0.473918,0.438069,0.447164,0.471257,0.491122,0.498934,0.498468,0.49785,0.498617,0.513818,0.256917,0.412875,0.304276,0.196813,0.160662,0.135092,0.135213,0.135595,0.131591,0.126385,0.119718,1
"101",101,"GRAHAM.2.2",0,"GRAHAM.2",2,"GRAHAM",0.87747,0.691454,0.508414,0.493818,0.482555,0.495459,0.504504,0.50556,0.508578,0.505835,0.513975,0.0711462,0.195339,0.296828,0.17986,0.139984,0.131794,0.133558,0.134712,0.130892,0.125734,0.119857,0
"102",102,"GRAHAM.3.3",0,"GRAHAM.3",3,"GRAHAM",0.905138,0.674806,0.497103,0.494965,0.48085,0.486965,0.502626,0.49957,0.500289,0.501146,0.51377,0.0434783,0.227525,0.269793,0.178075,0.145314,0.133285,0.123054,0.130406,0.130606,0.125994,0.116746,0
"103",103,"GRAHAM.4.4",0,"GRAHAM.4",4,"GRAHAM",0.873518,0.788013,0.577655,0.542384,0.501101,0.505761,0.51905,0.515046,0.515878,0.516361,0.515613,0.0316206,0.142064,0.220966,0.15819,0.124565,0.127366,0.130375,0.133633,0.12682,0.123537,0.120614,0
"104",104,"GRAHAM.5.5",0,"GRAHAM.5",5,"GRAHAM",0.822134,0.689234,0.564414,0.594519,0.529951,0.485339,0.47904,0.482841,0.500381,0.508538,0.508441,0,0.0221976,0.054069,0.0883365,0.0982022,0.115393,0.124646,0.115632,0.106328,0.105233,0.106193,0
"105",105,"GRAHAM.6.6",1,"GRAHAM.6",6,"GRAHAM",0.956522,0.835738,0.628138,0.509879,0.461806,0.457281,0.463539,0.488751,0.493591,0.491829,0.496924,0,0.0244173,0.0877241,0.105672,0.105663,0.12199,0.124009,0.116191,0.103066,0.102036,0.104811,1
"106",106,"GRAHAM.7.7",0,"GRAHAM.7",7,"GRAHAM",0.98419,0.835738,0.572966,0.545188,0.505649,0.496634,0.510679,0.51097,0.509658,0.510734,0.515562,0.0158103,0.0499445,0.201379,0.156533,0.120443,0.127276,0.121813,0.125009,0.126743,0.123491,0.117078,0
"107",107,"GRAHAM.8.8",2,"GRAHAM.8",8,"GRAHAM",0.802372,0.792453,0.610207,0.490631,0.43587,0.445986,0.46287,0.491101,0.490204,0.486708,0.498499,0.00395257,0.0588235,0.0943448,0.10376,0.112201,0.123571,0.122227,0.116586,0.104732,0.0997015,0.102015,1
"108",108,"GRAHAM.9.9",0,"GRAHAM.9",9,"GRAHAM",0.988142,0.786903,0.630897,0.536138,0.5124,0.488004,0.471719,0.488914,0.503076,0.505539,0.503156,0,0,0.0278621,0.0921606,0.0959994,0.112637,0.124359,0.112654,0.10358,0.0984989,0.103453,0
"109",109,"HAM.1.1",5,"HAM.1",1,"HAM",0.782609,0.594895,0.531034,0.636201,0.714631,0.748159,0.706878,0.688839,0.667329,0.651009,0.653673,0,0,0.008,0.01058,0.0066084,0.00420187,0.0232677,0.0294781,0.0301058,0.0304184,0.0299412,1
"110",110,"HAM.2.2",4,"HAM.2",2,"HAM",1,0.897891,0.674207,0.660166,0.69509,0.722812,0.698221,0.676764,0.667736,0.655112,0.649837,0,0,0.0057931,0.0100701,0.0066084,0.00420187,0.00824394,0.0263605,0.0265953,0.0273199,0.0281833,1
"111",111,"HAM.3.3",3,"HAM.3",3,"HAM",0.976285,0.857936,0.75531,0.716125,0.7179,0.694664,0.673616,0.660106,0.654811,0.650429,0.643742,0,0,0,0.00471638,0.00632417,0.00420187,0.00875322,0.022033,0.027269,0.0272067,0.0290851,1
"112",112,"HAM.4.4",4,"HAM.4",4,"HAM",0.960474,0.941176,0.798621,0.687699,0.678036,0.685899,0.684979,0.671669,0.66724,0.658748,0.652052,0,0,0.00662069,0.0100701,0.0066084,0.00420187,0.00302384,0.0152393,0.0231202,0.0240376,0.0248616,1
"113",113,"HAM.5.5",3,"HAM.5",5,"HAM",0.924901,0.889012,0.773517,0.667049,0.678036,0.663353,0.697425,0.688746,0.673038,0.668482,0.655328,0,0,0.00937931,0.0118547,0.0066084,0.00420187,0.00391508,0.00742188,0.0209748,0.0211655,0.0226357,1
"114",114,"HAM.6.6",2,"HAM.6",6,"HAM",0.87747,0.653718,0.600276,0.665264,0.673986,0.684001,0.701626,0.722296,0.702683,0.686931,0.669928,0.0355731,0.0310766,0.0228966,0.0118547,0.0066084,0.00528622,0.00728905,0.00595612,0.01656,0.0200478,0.0212887,1
"115",115,"HAM.7.7",5,"HAM.7",7,"HAM",0.924901,0.804662,0.701793,0.720331,0.670646,0.64248,0.664195,0.684116,0.678499,0.661125,0.665932,0,0,0.00937931,0.0108349,0.0066084,0.00546695,0.00506095,0.00593285,0.00602826,0.0172748,0.0180127,1
"116",116,"HAM.8.8",2,"HAM.8",8,"HAM",0.782609,0.643729,0.636138,0.67202,0.722589,0.760719,0.770952,0.763198,0.756068,0.738784,0.720792,0.00395257,0.0199778,0.0184828,0.0119822,0.0141406,0.0089911,0.00716173,0.00930644,0.0192018,0.0235848,0.0213458,1
"117",117,"HAM.9.9",3,"HAM.9",9,"HAM",1,0.914539,0.694345,0.699426,0.73808,0.765012,0.767005,0.759708,0.735554,0.737836,0.720164,0,0.0144284,0.0162759,0.0118547,0.0141406,0.0089911,0.0095808,0.0209395,0.0281201,0.025707,0.0239142,1
"118",118,"HICK.1.1",1,"HICK.1",1,"HICK",0.632411,0.738069,0.752,0.724793,0.737938,0.743415,0.76535,0.775971,0.771245,0.761973,0.750197,0.237154,0.149834,0.169379,0.182409,0.169118,0.152352,0.117675,0.102208,0.100512,0.0973529,0.107231,1
"119",119,"HICK.2.2",0,"HICK.2",2,"HICK",0.699605,0.683685,0.689931,0.689866,0.726569,0.730538,0.755674,0.761429,0.760962,0.758379,0.749101,0.217391,0.18313,0.233931,0.227279,0.177148,0.151132,0.117834,0.104302,0.0978174,0.0982584,0.108841,0
"120",120,"HICK.3.3",2,"HICK.3",3,"HICK",0.782609,0.82242,0.799448,0.744806,0.742912,0.7534,0.765668,0.775226,0.764614,0.75122,0.732481,0.189723,0.153163,0.12331,0.161887,0.163078,0.148602,0.120858,0.113329,0.10897,0.110822,0.11634,1
"121",121,"HICK.4.4",1,"HICK.4",4,"HICK",0.640316,0.684795,0.742345,0.750032,0.752505,0.760629,0.772257,0.787022,0.781015,0.768934,0.758701,0.114625,0.18202,0.166621,0.161377,0.159099,0.134776,0.114588,0.0939252,0.0926402,0.0929246,0.0995491,1
"122",122,"HICK.5.5",1,"HICK.5",5,"HICK",0.632411,0.415094,0.563034,0.661823,0.68166,0.699815,0.707992,0.713222,0.733054,0.738034,0.734878,0.359684,0.567148,0.310345,0.202932,0.165423,0.138797,0.124359,0.119471,0.112126,0.115632,0.120244,1
"123",123,"HICK.6.6",0,"HICK.6",6,"HICK",0.679842,0.72364,0.766897,0.754238,0.752647,0.758325,0.76831,0.78323,0.775252,0.761463,0.743257,0.264822,0.190899,0.144552,0.150159,0.157251,0.148918,0.117675,0.104279,0.102622,0.102432,0.109423,0
"124",124,"HICK.7.7",0,"HICK.7",7,"HICK",0.498024,0.553829,0.597241,0.671128,0.703119,0.701667,0.70586,0.718829,0.736884,0.750173,0.74796,0.498024,0.437292,0.319172,0.195793,0.144674,0.126598,0.108476,0.106535,0.106966,0.103776,0.111786,0
"125",125,"HICK.8.8",0,"HICK.8",8,"HICK",0.664032,0.698113,0.638069,0.643595,0.681944,0.69367,0.700003,0.719946,0.73231,0.74317,0.746704,0.27668,0.234184,0.23531,0.181007,0.131244,0.113451,0.105166,0.104697,0.110193,0.111275,0.111843,0
"126",126,"HICK.9.9",5,"HICK.9",9,"HICK",0.754941,0.766926,0.656276,0.681326,0.708662,0.728731,0.744629,0.750657,0.754561,0.749905,0.736978,0.158103,0.17758,0.25269,0.226514,0.190365,0.151267,0.124678,0.112399,0.102888,0.10686,0.117516,1
"127",127,"HITCH.1.1",4,"HITCH.1",1,"HITCH",0.494071,0.421754,0.466207,0.414404,0.422369,0.460444,0.48025,0.460971,0.463467,0.489269,0.496205,0,0,0,0,0,0,0,0.000279193,0.00359923,0.00631004,0.0192455,1
"128",128,"HITCH.2.2",4,"HITCH.2",2,"HITCH",0.790514,0.624861,0.489379,0.40956,0.454487,0.50052,0.485501,0.473186,0.458485,0.471103,0.490794,0,0,0,0,0,0,0,0.0013727,0.00439708,0.00676278,0.0218367,1
"129",129,"HITCH.3.3",4,"HITCH.3",3,"HITCH",1,0.768036,0.548138,0.486042,0.470902,0.509466,0.495814,0.477211,0.460169,0.466519,0.498978,0,0,0,0,0,0,0,0.00239641,0.00414886,0.00509331,0.0137778,1
"130",130,"HITCH.4.4",5,"HITCH.4",4,"HITCH",1,0.874584,0.487448,0.459528,0.503446,0.526137,0.516313,0.47863,0.458733,0.460251,0.485029,0,0,0,0,0,0,0.000700258,0.00388544,0.0042907,0.00495183,0.0198733,1
"131",131,"HITCH.5.5",2,"HITCH.5",5,"HITCH",0.881423,0.714761,0.520276,0.555003,0.552547,0.541589,0.517841,0.485866,0.465009,0.463746,0.485178,0,0,0,0,0,0,0.00114588,0.00525814,0.00441482,0.00605538,0.0112779,1
"132",132,"HITCH.6.6",4,"HITCH.6",6,"HITCH",1,0.884573,0.497379,0.490249,0.550345,0.539827,0.535729,0.47877,0.457456,0.461751,0.472496,0,0,0,0,0,0.000542177,0.00388325,0.00479282,0.00491126,0.0058856,0.0237087,1
"133",133,"HITCH.7.7",4,"HITCH.7",7,"HITCH",0.786561,0.675916,0.489655,0.417846,0.500746,0.525686,0.519719,0.473395,0.458343,0.458143,0.475532,0,0,0,0,0,0,0.00187796,0.00314092,0.00508856,0.0114458,0.0287769,1
"134",134,"HITCH.8.8",3,"HITCH.8",8,"HITCH",0.624506,0.603774,0.489931,0.468196,0.496909,0.530656,0.526148,0.484935,0.452793,0.460435,0.466514,0,0,0,0,0,0.00176207,0.00423338,0.00367604,0.00648925,0.020642,0.0340962,1
"135",135,"HITCH.9.9",4,"HITCH.9",9,"HITCH",0.865613,0.645949,0.526621,0.575398,0.582179,0.560114,0.531623,0.493288,0.464495,0.466462,0.467222,0,0,0,0,0,0.0031627,0.00429704,0.00572346,0.00562047,0.00631004,0.0187204,1
"136",136,"JM.1.1",1,"JM.1",1,"JM",0.268775,0.18202,0.187862,0.306947,0.362112,0.393666,0.421237,0.470836,0.497509,0.512995,0.531922,0,0,0.0110345,0.010325,0.00774533,0.00524104,0.0064933,0.0114469,0.0148047,0.0155912,0.0197706,1
"137",137,"JM.2.2",1,"JM.2",2,"JM",0.0711462,0.144284,0.25269,0.296495,0.358204,0.421768,0.455581,0.484307,0.514796,0.516461,0.527915,0,0,0.0154483,0.0104525,0.00689263,0.00506032,0.00394691,0.00744515,0.0138118,0.0199346,0.0230238,1
"138",138,"JM.3.3",1,"JM.3",3,"JM",0.213439,0.203108,0.289655,0.300956,0.376252,0.441106,0.489989,0.499686,0.527189,0.5257,0.524662,0,0,0.017931,0.010325,0.00675052,0.00492477,0.00356495,0.0042577,0.0131735,0.0207977,0.0248616,1
"139",139,"JM.4.4",1,"JM.4",4,"JM",0.766798,0.751387,0.496276,0.450733,0.476515,0.529797,0.551994,0.553524,0.541019,0.534939,0.523052,0,0,0.0143448,0.00994264,0.0057557,0.00375006,0.00798931,0.0144948,0.0181557,0.023217,0.0273272,1
"140",140,"JM.5.5",2,"JM.5",5,"JM",0.73913,0.63707,0.551172,0.480816,0.487103,0.523246,0.540153,0.55129,0.53593,0.531232,0.517916,0.0197628,0.0377358,0.0165517,0.0100701,0.0057557,0.00402114,0.00767101,0.0150066,0.0206911,0.0240234,0.0278865,1
"141",141,"JM.6.6",0,"JM.6",6,"JM",0.667984,0.516093,0.446345,0.444869,0.435799,0.497402,0.522997,0.533073,0.527757,0.529944,0.518064,0.0711462,0.045505,0.0195862,0.010325,0.0057557,0.00451814,0.00534742,0.0104232,0.01945,0.0257212,0.027624,0
"142",142,"JM.7.7",0,"JM.7",7,"JM",0.652174,0.495006,0.368276,0.392097,0.382861,0.47689,0.515835,0.515646,0.522225,0.530001,0.518669,0.0237154,0.045505,0.022069,0.010325,0.00618205,0.00451814,0.00369227,0.0067937,0.0174642,0.0258485,0.026277,0
"143",143,"JM.8.8",2,"JM.8",8,"JM",0.426877,0.480577,0.361379,0.360739,0.436368,0.49808,0.534647,0.5307,0.53742,0.537514,0.525529,0,0,0.0162759,0.010325,0.0057557,0.0043826,0.00391508,0.00774761,0.0138118,0.0217456,0.0265396,1
"144",144,"JM.9.9",0,"JM.9",9,"JM",0.818182,0.590455,0.411862,0.405226,0.42173,0.497673,0.533119,0.532538,0.533572,0.536042,0.519742,0,0.0188679,0.0182069,0.010325,0.0057557,0.0043826,0.00439253,0.00856192,0.0158331,0.0238819,0.0267108,0
"145",145,"KISS.1.1",0,"KISS.1",1,"KISS",0.774704,0.521643,0.445517,0.402932,0.373339,0.327701,0.3077,0.304623,0.299551,0.286131,0.286182,0,0.00110988,0.00193103,0.00688337,0.00625311,0.0043826,0.00512461,0.00414136,0.00508856,0.00800781,0.00915473,0
"146",146,"KISS.2.2",0,"KISS.2",2,"KISS",0.577075,0.357381,0.191172,0.246272,0.330491,0.346812,0.346691,0.333101,0.319746,0.305259,0.297392,0.0237154,0.0233074,0.00855172,0.00752071,0.00611099,0.00677721,0.00700258,0.00977176,0.00884736,0.00916795,0.00930312,0
"147",147,"KISS.3.3",0,"KISS.3",3,"KISS",0.699605,0.486127,0.241655,0.228553,0.288922,0.305426,0.313143,0.310393,0.29886,0.288819,0.281685,0.0118577,0.0099889,0.00634483,0.00854047,0.00739004,0.00600913,0.00980361,0.010051,0.00918423,0.00887084,0.0101821,0
"148",148,"KISS.4.4",0,"KISS.4",4,"KISS",0.343874,0.330744,0.419034,0.5058,0.451432,0.432476,0.411465,0.372467,0.355348,0.336399,0.328041,0.0197628,0.0099889,0.00634483,0.00356915,0.00518724,0.00614467,0.00544291,0.00462995,0.00661336,0.00734285,0.00792192,0
"149",149,"KISS.5.5",0,"KISS.5",5,"KISS",0.750988,0.536071,0.344,0.352071,0.300931,0.277595,0.27275,0.282194,0.288399,0.27501,0.271788,0.00790514,0.00221976,0.0022069,0.0096877,0.00611099,0.00519586,0.00448802,0.00458342,0.00840411,0.00875766,0.00888077,0
"150",150,"KISS.6.6",0,"KISS.6",6,"KISS",0.442688,0.413984,0.318069,0.268834,0.269168,0.28008,0.294713,0.29762,0.285491,0.282537,0.274185,0,0.00332963,0.00662069,0.00688337,0.00724792,0.0063254,0.00735271,0.00984156,0.00907785,0.0092104,0.00978255,0
"151",151,"KISS.7.7",0,"KISS.7",7,"KISS",0.268775,0.206437,0.306483,0.393881,0.400341,0.406904,0.39154,0.364766,0.343735,0.325292,0.318429,0.0474308,0.0255272,0.00717241,0.00535373,0.00518724,0.00646094,0.00547474,0.0054908,0.00831546,0.007739,0.00804749,0
"152",152,"KISS.8.8",0,"KISS.8",8,"KISS",0.395257,0.358491,0.305931,0.227406,0.23236,0.263769,0.272368,0.279123,0.274357,0.271204,0.265031,0,0.00332963,0.00662069,0.008413,0.00724792,0.00605431,0.0108222,0.0105861,0.00937927,0.0104837,0.0103305,0
"153",153,"KISS.9.9",0,"KISS.9",9,"KISS",0.509881,0.406215,0.400276,0.350032,0.308605,0.29639,0.300793,0.302715,0.298186,0.287362,0.279733,0,0,0.008,0.008413,0.00689263,0.00564768,0.00464717,0.00744515,0.00874098,0.00843225,0.00916614,0
"154",154,"KNOSP.1.1",1,"KNOSP.1",1,"KNOSP",0.766798,0.756937,0.736276,0.74557,0.751936,0.716125,0.717923,0.719597,0.69919,0.69658,0.69423,0,0,0.00689655,0.0121096,0.0245861,0.0365066,0.0330394,0.0300598,0.0323753,0.0337856,0.0317105,1
"155",155,"KNOSP.2.2",2,"KNOSP.2",2,"KNOSP",0.889328,0.769145,0.724414,0.762524,0.775812,0.730403,0.728873,0.703823,0.688587,0.696114,0.693853,0,0,0.00110345,0.00879541,0.0213174,0.0331631,0.030493,0.0299435,0.032198,0.030574,0.0327835,1
"156",156,"KNOSP.3.3",2,"KNOSP.3",3,"KNOSP",1,0.993341,0.869241,0.769152,0.730193,0.736005,0.735907,0.703776,0.698551,0.700726,0.698704,0,0,0.00882759,0.0214149,0.0492432,0.0341571,0.0336124,0.0342244,0.0322867,0.0329084,0.0336282,1
"157",157,"KNOSP.4.4",3,"KNOSP.4",4,"KNOSP",1,0.993341,0.860965,0.781134,0.766645,0.753174,0.728045,0.691026,0.689491,0.698731,0.696673,0,0,0,0.00892288,0.0338236,0.0328921,0.0296018,0.0329913,0.031737,0.0322718,0.0325895,1
"158",158,"KNOSP.5.5",4,"KNOSP.5",5,"KNOSP",1,0.865705,0.709241,0.793117,0.797413,0.757105,0.715568,0.678951,0.682984,0.688643,0.697278,0,0,0,0.00114723,0.00739004,0.0282384,0.0255912,0.0302925,0.0311697,0.029909,0.0291193,1
"159",159,"KNOSP.6.6",3,"KNOSP.6",6,"KNOSP",1,1,0.915862,0.819503,0.798053,0.762572,0.697234,0.675461,0.690289,0.697939,0.698362,0,0,0,0.00229445,0.0168408,0.0312655,0.0313206,0.0316884,0.0315243,0.0315219,0.0302038,1
"160",160,"KNOSP.7.7",5,"KNOSP.7",7,"KNOSP",0.687747,0.602664,0.685241,0.762524,0.792653,0.754484,0.70917,0.680859,0.676034,0.679956,0.696901,0,0,0,0,0.00291338,0.00885556,0.0220581,0.0229869,0.0295739,0.0278576,0.0281719,1
"161",161,"KNOSP.8.8",4,"KNOSP.8",8,"KNOSP",1,0.991121,0.821517,0.818356,0.818589,0.754349,0.69281,0.675368,0.685289,0.690624,0.699115,0,0,0,0,0.0030555,0.017937,0.025814,0.0280589,0.0306732,0.0307579,0.0291193,1
"162",162,"KNOSP.9.9",4,"KNOSP.9",9,"KNOSP",1,0.866815,0.807448,0.806628,0.79045,0.730493,0.690486,0.68279,0.67958,0.69194,0.701729,0,0,0,0,0.000213174,0.00397596,0.0167744,0.0246853,0.0268612,0.0282396,0.0269391,1
"163",163,"KOLB.1.1",3,"KOLB.1",1,"KOLB",1,0.965594,0.716965,0.635182,0.624174,0.618985,0.589362,0.594774,0.591869,0.607886,0.624816,0,0,0.00662069,0.00764818,0.00582676,0.00596395,0.00432887,0.00383891,0.00329781,0.00316917,0.00431482,1
"164",164,"KOLB.2.2",3,"KOLB.2",2,"KOLB",0.992095,0.90899,0.780138,0.680816,0.645491,0.613202,0.593532,0.594798,0.599085,0.613149,0.624222,0,0.00110988,0.000275862,0.00662843,0.00696369,0.00447296,0.00432887,0.00381564,0.00329781,0.00316917,0.00426916,1
"165",165,"KOLB.3.3",2,"KOLB.3",3,"KOLB",0.747036,0.755827,0.787862,0.663607,0.625027,0.595039,0.592291,0.599684,0.610769,0.621638,0.632076,0.00395257,0.00110988,0.00358621,0.00344168,0.00703475,0.00447296,0.00439253,0.00381564,0.00329781,0.00376339,0.00577593,1
"166",166,"KOLB.4.4",3,"KOLB.4",4,"KOLB",0.992095,0.944506,0.758345,0.626641,0.61181,0.601636,0.59837,0.59389,0.605025,0.617068,0.629838,0.00395257,0.00110988,0.00717241,0.008413,0.00675052,0.00447296,0.00471083,0.00381564,0.0029964,0.00348043,0.00557046,1
"167",167,"KOLB.5.5",4,"KOLB.5",5,"KOLB",1,0.983352,0.655448,0.596048,0.595893,0.616274,0.593055,0.59296,0.59217,0.610376,0.633389,0,0.00110988,0.00551724,0.00905035,0.00504512,0.00614467,0.00461534,0.00351318,0.00315597,0.00360776,0.00460019,1
"168",168,"KOLB.6.6",3,"KOLB.6",6,"KOLB",0.644269,0.679245,0.728276,0.649841,0.634264,0.613292,0.60028,0.58826,0.595415,0.602963,0.620718,0,0,0.00717241,0.00497132,0.0057557,0.00609949,0.00432887,0.00379237,0.00356377,0.00312672,0.00364134,1
"169",169,"KOLB.7.7",4,"KOLB.7",7,"KOLB",0.86166,0.799112,0.768,0.708604,0.654658,0.626395,0.59923,0.591913,0.597809,0.605198,0.620672,0,0,0.000275862,0.00586361,0.00689263,0.00474405,0.00432887,0.00381564,0.00368788,0.00314087,0.00333314,1
"170",170,"KOLB.8.8",3,"KOLB.8",8,"KOLB",0.84585,0.845727,0.760828,0.730911,0.672422,0.609633,0.597734,0.597334,0.604954,0.614394,0.625044,0,0.00110988,0.000275862,0.00777565,0.00682157,0.00447296,0.00416972,0.00381564,0.00320916,0.00336724,0.00499971,1
"171",171,"KOLB.9.9",3,"KOLB.9",9,"KOLB",0.83004,0.82131,0.764414,0.779477,0.705891,0.625265,0.605468,0.597404,0.600858,0.612626,0.622088,0,0,0.000275862,0.00726577,0.00561359,0.00442778,0.00413789,0.0039785,0.00342193,0.00326821,0.00431482,1
"172",172,"LEE.1.1",0,"LEE.1",1,"LEE",0.608696,0.618202,0.631448,0.618738,0.619413,0.599151,0.599357,0.607361,0.618571,0.600968,0.572867,0.150198,0.158713,0.134897,0.119312,0.107795,0.121945,0.132285,0.154603,0.151327,0.153521,0.157742,0
"173",173,"LEE.2.2",0,"LEE.2",2,"LEE",0.853755,0.794673,0.662345,0.658254,0.631777,0.637826,0.634465,0.629301,0.631053,0.602977,0.562708,0.00790514,0.0843507,0.150621,0.110771,0.123499,0.128451,0.125473,0.144273,0.147604,0.149644,0.16555,0
"174",174,"LEE.3.3",0,"LEE.3",3,"LEE",0.956522,0.790233,0.692966,0.653665,0.615363,0.620476,0.615909,0.614365,0.627985,0.606853,0.568735,0.0158103,0.0843507,0.143448,0.124665,0.117175,0.125424,0.137346,0.15672,0.148313,0.148781,0.164043,0
"175",175,"LEE.4.4",0,"LEE.4",4,"LEE",0.822134,0.765816,0.712552,0.67508,0.616784,0.598654,0.592323,0.601591,0.614776,0.598209,0.578757,0.0869565,0.1798,0.14069,0.11689,0.104029,0.131297,0.155871,0.162258,0.153384,0.157751,0.163392,0
"176",176,"LEE.5.5",0,"LEE.5",5,"LEE",0.786561,0.791343,0.751724,0.677502,0.643786,0.625808,0.629468,0.628813,0.616514,0.60176,0.572696,0.209486,0.143174,0.127724,0.127597,0.125844,0.152171,0.156762,0.154464,0.148348,0.15246,0.174499,0
"177",177,"LEE.6.6",0,"LEE.6",6,"LEE",0.893281,0.780244,0.722207,0.692033,0.614297,0.648669,0.641213,0.639655,0.634599,0.607943,0.565322,0.0118577,0.0477247,0.135724,0.119439,0.138847,0.131704,0.141038,0.145064,0.144501,0.150804,0.16692,0
"178",178,"LEE.7.7",0,"LEE.7",7,"LEE",0.932806,0.836848,0.72469,0.67355,0.624103,0.626305,0.616609,0.617529,0.623978,0.605693,0.571029,0.0592885,0.112098,0.149793,0.121096,0.117388,0.128812,0.153961,0.157139,0.148756,0.148611,0.168369,0
"179",179,"LEE.8.8",0,"LEE.8",8,"LEE",0.667984,0.801332,0.746483,0.675972,0.646557,0.605295,0.596747,0.605035,0.608305,0.595238,0.581417,0.264822,0.157603,0.145379,0.11638,0.110922,0.136674,0.171404,0.161257,0.154377,0.157298,0.168301,0
"180",180,"LEE.9.9",0,"LEE.9",9,"LEE",0.711462,0.72808,0.713931,0.685277,0.659774,0.66498,0.676258,0.675996,0.648836,0.605226,0.567068,0.162055,0.104329,0.0852414,0.146973,0.162226,0.161072,0.142534,0.125079,0.138916,0.164641,0.181177,0
"181",181,"MEDCNE.1.1",1,"MEDCNE.1",1,"MEDCNE",0.683794,0.501665,0.539034,0.492161,0.486535,0.515113,0.495019,0.508062,0.53749,0.552921,0.566977,0,0.045505,0.0866207,0.0711281,0.0570596,0.0487056,0.0594264,0.0668668,0.0621088,0.0668355,0.0661834,1
"182",182,"MEDCNE.2.2",2,"MEDCNE.2",2,"MEDCNE",0.731225,0.694784,0.58869,0.511791,0.52384,0.530565,0.534074,0.545474,0.559511,0.564353,0.576405,0.134387,0.195339,0.138207,0.119312,0.0937256,0.0862965,0.0843174,0.0777088,0.0807078,0.0781964,0.0768221,1
"183",183,"MEDCNE.3.3",2,"MEDCNE.3",3,"MEDCNE",1,0.870144,0.587862,0.494328,0.49229,0.502643,0.522042,0.532165,0.547668,0.555623,0.561726,0,0.0588235,0.139862,0.0994264,0.0872593,0.0740071,0.0748958,0.0788023,0.0784561,0.0753243,0.0764112,1
"184",184,"MEDCNE.4.4",0,"MEDCNE.4",4,"MEDCNE",0.766798,0.706992,0.631724,0.497132,0.51176,0.527764,0.522806,0.5431,0.551497,0.565583,0.577547,0.193676,0.244173,0.161103,0.109114,0.0945072,0.0806488,0.0828214,0.0793606,0.077605,0.0798234,0.0752468,0
"185",185,"MEDCNE.5.5",1,"MEDCNE.5",5,"MEDCNE",0.936759,0.769145,0.593103,0.508859,0.501599,0.509059,0.535061,0.537168,0.555238,0.558396,0.570219,0.0355731,0.0765816,0.103172,0.112683,0.0910964,0.0806488,0.0788108,0.0802215,0.0796085,0.0765835,0.0764454,1
"186",186,"MEDCNE.6.6",2,"MEDCNE.6",6,"MEDCNE",0.853755,0.607103,0.532414,0.538942,0.487032,0.487869,0.50339,0.513715,0.533288,0.549822,0.563929,0.0711462,0.195339,0.144,0.088209,0.0694948,0.0653323,0.0656651,0.0761965,0.0729065,0.0747443,0.0731922,1
"187",187,"MEDCNE.7.7",0,"MEDCNE.7",7,"MEDCNE",0.675889,0.487236,0.502345,0.544168,0.496767,0.483396,0.500111,0.503571,0.528466,0.551039,0.563655,0.118577,0.187569,0.121103,0.0847674,0.0633838,0.0594587,0.0660789,0.0724506,0.0701938,0.0715044,0.0715827,0
"188",188,"MEDCNE.8.8",0,"MEDCNE.8",8,"MEDCNE",0.667984,0.483907,0.510069,0.524665,0.49293,0.497809,0.491326,0.502012,0.530239,0.551747,0.565105,0.0434783,0.137625,0.101517,0.0817081,0.0580544,0.0522297,0.064933,0.0696122,0.0670378,0.0683918,0.0698019,0
"189",189,"MEDCNE.9.9",1,"MEDCNE.9",9,"MEDCNE",0.790514,0.654828,0.606621,0.521861,0.500391,0.508291,0.51453,0.528745,0.541639,0.559952,0.576497,0.205534,0.315205,0.155862,0.0985341,0.0818589,0.0744138,0.0741637,0.0790815,0.0760979,0.0791443,0.0738656,1
"190",190,"MEDCNW.1.1",3,"MEDCNW.1",1,"MEDCNW",0.976285,0.981132,0.921103,0.828553,0.760037,0.714589,0.706369,0.675554,0.673977,0.661451,0.639872,0,0.00221976,0.0446897,0.06297,0.0878988,0.0942936,0.0928797,0.0831065,0.0796262,0.0802337,0.0809657,1
"191",191,"MEDCNW.2.2",3,"MEDCNW.2",2,"MEDCNW",0.996047,0.993341,0.809655,0.746463,0.69914,0.694257,0.670465,0.634978,0.639138,0.63696,0.632247,0,0.00554939,0.0642759,0.101721,0.106232,0.101116,0.0966038,0.0851539,0.0784738,0.0809128,0.0813196,1
"192",192,"MEDCNW.3.3",2,"MEDCNW.3",3,"MEDCNW",0.988142,0.90566,0.87669,0.772976,0.755987,0.714002,0.682497,0.688118,0.683339,0.669119,0.651903,0.00790514,0.0754717,0.057931,0.101466,0.0978469,0.110559,0.0988,0.095042,0.082729,0.0795122,0.0779636,1
"193",193,"MEDCNW.4.4",3,"MEDCNW.4",4,"MEDCNW",0.968379,0.890122,0.721379,0.725175,0.702196,0.677585,0.654009,0.649333,0.646176,0.644841,0.636608,0.027668,0.0477247,0.122483,0.11587,0.118525,0.112592,0.106535,0.0905051,0.0826049,0.0790311,0.0776782,1
"194",194,"MEDCNW.5.5",0,"MEDCNW.5",5,"MEDCNW",0.798419,0.824639,0.766069,0.758317,0.722518,0.695477,0.695961,0.71064,0.697151,0.681782,0.669026,0.197628,0.105438,0.118069,0.141236,0.129326,0.109339,0.105866,0.101394,0.0937749,0.082172,0.0747332,0
"195",195,"MEDCNW.6.6",1,"MEDCNW.6",6,"MEDCNW",0.865613,0.915649,0.89931,0.838241,0.793576,0.764018,0.718178,0.705614,0.697328,0.678938,0.66414,0.0671937,0.0443951,0.0273103,0.0447419,0.0769559,0.090408,0.0917019,0.0841302,0.0803177,0.07988,0.0781805,1
"196",196,"MEDCNW.7.7",2,"MEDCNW.7",7,"MEDCNW",0.996047,0.935627,0.858483,0.750669,0.695872,0.699905,0.674444,0.634699,0.63045,0.628373,0.632795,0,0.063263,0.0623448,0.0986616,0.0962126,0.0910857,0.0856543,0.0815011,0.0803177,0.0834736,0.0792192,1
"197",197,"MEDCNW.8.8",1,"MEDCNW.8",8,"MEDCNW",0.932806,0.968923,0.941793,0.877884,0.786897,0.744544,0.718815,0.697308,0.686637,0.67284,0.643434,0.00790514,0.00332963,0.0226207,0.0325048,0.0690684,0.0855284,0.0875322,0.0795002,0.078917,0.0781398,0.0794019,1
"198",198,"MEDCNW.9.9",3,"MEDCNW.9",9,"MEDCNW",0.996047,0.925638,0.767448,0.731421,0.719889,0.681381,0.666741,0.679091,0.667506,0.659541,0.645477,0,0.0610433,0.126345,0.11689,0.115398,0.116478,0.106376,0.0979968,0.0851935,0.0783662,0.0763541,1
"199",199,"MEDCSE.1.1",0,"MEDCSE.1",1,"MEDCSE",0.482213,0.405105,0.52,0.494328,0.497691,0.44323,0.44721,0.455131,0.468963,0.498281,0.529947,0.252964,0.310766,0.178207,0.107457,0.085625,0.0788867,0.0840628,0.0792909,0.0792362,0.0797668,0.0814109,0
"200",200,"MEDCSE.2.2",0,"MEDCSE.2",2,"MEDCSE",0.44664,0.668146,0.594759,0.482728,0.452498,0.444766,0.460388,0.458714,0.481835,0.512825,0.531465,0.541502,0.263041,0.118069,0.101083,0.0773822,0.0741427,0.0755324,0.0755683,0.0803355,0.0835868,0.0785686,0
"201",201,"MEDCSE.3.3",0,"MEDCSE.3",3,"MEDCSE",0.928854,0.784684,0.57269,0.46501,0.428054,0.451859,0.46825,0.48326,0.502207,0.526719,0.541065,0.0711462,0.132075,0.096,0.101338,0.0878988,0.087426,0.077665,0.0749401,0.0813283,0.0833322,0.0788425,0
"202",202,"MEDCSE.4.4",1,"MEDCSE.4",4,"MEDCSE",0.754941,0.566038,0.505655,0.465264,0.433809,0.459721,0.470669,0.488541,0.506463,0.523974,0.545745,0.0790514,0.132075,0.122759,0.114595,0.100973,0.0912213,0.0840309,0.0813383,0.0801936,0.0834029,0.0780092,1
"203",203,"MEDCSE.5.5",3,"MEDCSE.5",5,"MEDCSE",1,0.876804,0.51669,0.429955,0.426135,0.474721,0.491581,0.500012,0.527047,0.536891,0.548587,0,0.0244173,0.106207,0.0870618,0.111277,0.0919442,0.0793201,0.0796864,0.0825517,0.0844357,0.0774727,1
"204",204,"MEDCSE.6.6",1,"MEDCSE.6",6,"MEDCSE",0.648221,0.576027,0.448552,0.426769,0.450011,0.48308,0.504281,0.504944,0.531976,0.542564,0.55159,0.0395257,0.0355161,0.105379,0.106565,0.117317,0.0956038,0.0828532,0.0871548,0.0818071,0.0795263,0.0762628,1
"205",205,"MEDCSE.7.7",1,"MEDCSE.7",7,"MEDCSE",0.826087,0.778024,0.451034,0.428043,0.460243,0.50436,0.520132,0.521067,0.538288,0.560066,0.5549,0.162055,0.0921199,0.0543448,0.122626,0.106587,0.0915827,0.078779,0.0825714,0.0845907,0.0808562,0.0787969,1
"206",206,"MEDCSE.8.8",1,"MEDCSE.8",8,"MEDCSE",0.442688,0.420644,0.385103,0.483493,0.509202,0.529165,0.551007,0.544078,0.556816,0.564353,0.57176,0.166008,0.104329,0.105655,0.111663,0.0971364,0.0875164,0.0819302,0.0866662,0.0849985,0.0790877,0.0784658,1
"207",207,"MEDCSE.9.9",1,"MEDCSE.9",9,"MEDCSE",0.782609,0.615982,0.505655,0.445762,0.483621,0.507975,0.52653,0.535469,0.548944,0.557335,0.562719,0.130435,0.107658,0.0582069,0.106692,0.0957863,0.0874712,0.0807206,0.078779,0.0824453,0.0829784,0.0804178,1
"208",208,"MEDCSW.1.1",0,"MEDCSW.1",1,"MEDCSW",0.956522,0.943396,0.904,0.830975,0.729198,0.69105,0.691441,0.680673,0.638251,0.631329,0.629291,0.0395257,0.0554939,0.0609655,0.0806883,0.0689974,0.0710252,0.0679568,0.0789651,0.0853708,0.0824974,0.077039,0
"209",209,"MEDCSW.2.2",0,"MEDCSW.2",2,"MEDCSW",0.754941,0.586016,0.483586,0.564818,0.616215,0.599738,0.618614,0.618971,0.614599,0.616219,0.604657,0.0474308,0.140954,0.0962759,0.0891013,0.0888936,0.101974,0.0945666,0.0848049,0.081417,0.0755932,0.071868,0
"210",210,"MEDCSW.3.3",1,"MEDCSW.3",3,"MEDCSW",0.869565,0.829079,0.646897,0.630338,0.667661,0.648534,0.643983,0.644448,0.636709,0.629872,0.612613,0.0948617,0.0788013,0.0841379,0.0702358,0.0840617,0.0873808,0.0839354,0.079919,0.0784029,0.0753809,0.0720621,1
"211",211,"MEDCSW.4.4",1,"MEDCSW.4",4,"MEDCSW",0.806324,0.924528,0.848276,0.73856,0.692034,0.691366,0.673903,0.646751,0.617188,0.623958,0.619177,0.193676,0.0677026,0.103172,0.0866794,0.0867619,0.0760403,0.0724767,0.080268,0.0867892,0.0823701,0.0772673,1
"212",212,"MEDCSW.5.5",0,"MEDCSW.5",5,"MEDCSW",0.55336,0.540511,0.590621,0.641555,0.645207,0.666109,0.64325,0.610549,0.610982,0.612017,0.605023,0.434783,0.335183,0.136552,0.105417,0.0714133,0.0624407,0.0807206,0.0899933,0.0850694,0.0803045,0.0761829,0
"213",213,"MEDCSW.6.6",0,"MEDCSW.6",6,"MEDCSW",0.600791,0.570477,0.615724,0.608031,0.66418,0.658655,0.630073,0.628952,0.618198,0.615936,0.606952,0.332016,0.253052,0.130759,0.0897387,0.072195,0.0728776,0.087023,0.0865266,0.081151,0.0796112,0.0754523,0
"214",214,"MEDCSW.7.7",1,"MEDCSW.7",7,"MEDCSW",0.928854,0.82131,0.762759,0.672148,0.681518,0.676772,0.66047,0.62288,0.61217,0.61479,0.612317,0.0513834,0.147614,0.136,0.0957298,0.0761742,0.0725613,0.0719356,0.0841767,0.0891296,0.082172,0.0763541,1
"215",215,"MEDCSW.8.8",0,"MEDCSW.8",8,"MEDCSW",0.56917,0.411765,0.405517,0.51383,0.566333,0.572132,0.602317,0.596775,0.603819,0.600345,0.600491,0.102767,0.130966,0.107586,0.100574,0.0843459,0.115032,0.0987045,0.0886671,0.0817716,0.074815,0.071343,0
"216",216,"MEDCSW.9.9",2,"MEDCSW.9",9,"MEDCSW",0.992095,0.99667,0.948965,0.842702,0.772188,0.743279,0.72343,0.700612,0.67763,0.657433,0.628606,0,0,0.00772414,0.0423199,0.0484616,0.0600009,0.0646147,0.0650753,0.0712399,0.072042,0.0727926,1
"217",217,"MER.1.1",1,"MER.1",1,"MER",0.616601,0.659267,0.658207,0.605226,0.557806,0.53436,0.534169,0.500826,0.47719,0.467905,0.453775,0.383399,0.324084,0.203586,0.165966,0.163931,0.163557,0.15985,0.158047,0.15271,0.148569,0.141887,1
"218",218,"MER.2.2",2,"MER.2",2,"MER",0.660079,0.63707,0.55669,0.532186,0.512613,0.514481,0.499889,0.503013,0.498555,0.482874,0.451196,0.316206,0.324084,0.243586,0.247546,0.220919,0.18669,0.162396,0.152277,0.151487,0.139854,0.136636,1
"219",219,"MER.3.3",0,"MER.3",3,"MER",0.55336,0.570477,0.663172,0.635946,0.615505,0.567162,0.525289,0.489356,0.460116,0.458822,0.455339,0.0158103,0.00665927,0.0728276,0.0810707,0.0977759,0.13586,0.138874,0.141714,0.144767,0.138057,0.138383,0
"220",220,"MER.4.4",1,"MER.4",4,"MER",0.482213,0.352941,0.480276,0.525685,0.517232,0.49564,0.510965,0.503874,0.49391,0.477823,0.452737,0.395257,0.45505,0.305103,0.252135,0.210048,0.188542,0.161696,0.16249,0.158667,0.148767,0.147868,1
"221",221,"MER.5.5",3,"MER.5",5,"MER",0.833992,0.788013,0.626759,0.535883,0.52114,0.524104,0.501576,0.498616,0.502473,0.477356,0.452383,0.158103,0.198668,0.212966,0.231358,0.219569,0.182443,0.160168,0.1523,0.142994,0.138962,0.134969,1
"222",222,"MER.6.6",2,"MER.6",6,"MER",0.944664,0.751387,0.673103,0.607138,0.572088,0.560114,0.535411,0.496545,0.469371,0.457195,0.456663,0.0355731,0.218646,0.178207,0.145443,0.14105,0.154746,0.162778,0.158884,0.152001,0.154341,0.142971,1
"223",223,"MER.7.7",5,"MER.7",7,"MER",0.928854,0.790233,0.676138,0.66144,0.586655,0.55171,0.526848,0.499826,0.469158,0.45885,0.456184,0.0434783,0.0510544,0.126069,0.109114,0.121296,0.152984,0.153484,0.14432,0.146132,0.141452,0.13941,1
"224",224,"MER.8.8",3,"MER.8",8,"MER",0.573123,0.704772,0.698759,0.618993,0.551268,0.520173,0.526339,0.504921,0.486374,0.471145,0.453422,0.426877,0.27636,0.176,0.154238,0.18198,0.166855,0.158895,0.150183,0.145902,0.140533,0.140095,1
"225",225,"MER.9.9",2,"MER.9",9,"MER",0.980237,0.861265,0.673103,0.628426,0.598309,0.565445,0.538244,0.492031,0.465736,0.45312,0.458319,0,0.0443951,0.134345,0.113576,0.116962,0.148873,0.153229,0.152044,0.147763,0.147748,0.140711,1
"226",226,"MILL.1.1",3,"MILL.1",1,"MILL",0.679842,0.644839,0.785379,0.849586,0.87103,0.860299,0.816851,0.751774,0.706991,0.695123,0.692175,0,0,0,0,0,0.000361451,0.00187796,0.00172169,0.00390064,0.00544701,0.0060613,1
"227",227,"MILL.2.2",2,"MILL.2",2,"MILL",0.960474,0.768036,0.84331,0.878521,0.892276,0.884155,0.838049,0.753612,0.718108,0.709568,0.694823,0,0,0,0,0,0,0.00200528,0.00167516,0.00569139,0.00612612,0.00970264,1
"228",228,"MILL.3.3",3,"MILL.3",3,"MILL",0.58498,0.660377,0.829241,0.865264,0.888581,0.882664,0.821848,0.748261,0.715218,0.707559,0.695417,0,0,0,0,0,4.51814e-05,0.00216443,0.00258254,0.00553182,0.00653641,0.00901775,1
"229",229,"MILL.4.4",3,"MILL.4",4,"MILL",0.770751,0.800222,0.864552,0.891013,0.907625,0.89292,0.816087,0.751448,0.728693,0.720434,0.697163,0,0,0,0,0,0.00031627,0.00210077,0.00544427,0.00718072,0.00734285,0.0161292,1
"230",230,"MILL.5.5",3,"MILL.5",5,"MILL",0.924901,0.920089,0.914483,0.923008,0.912243,0.862874,0.79979,0.760941,0.743427,0.722118,0.700211,0,0,0,0,0,0.000496995,0.00458351,0.00784067,0.00888282,0.0129596,0.0231265,1
"231",231,"MILL.6.6",3,"MILL.6",6,"MILL",0.924901,0.943396,0.964138,0.963799,0.928373,0.903764,0.857211,0.811591,0.764171,0.739859,0.713943,0,0,0,0,0,9.03628e-05,0.000286469,0.000395524,0.00482261,0.0134973,0.017967,1
"232",232,"MILL.7.7",3,"MILL.7",7,"MILL",0.960474,0.951165,0.963862,0.951944,0.928302,0.900014,0.857307,0.805077,0.764738,0.739378,0.714514,0,0,0,0,0,9.03628e-05,0.000413789,0.0014425,0.00620556,0.0149687,0.0182524,1
"233",233,"MILL.8.8",4,"MILL.8",8,"MILL",1,0.986681,0.967172,0.953728,0.931358,0.894818,0.841742,0.797003,0.761901,0.736393,0.706615,0,0,0,0,0,9.03628e-05,0.000413789,0.000325725,0.00338646,0.0120117,0.015353,1
"234",234,"MILL.9.9",3,"MILL.9",9,"MILL",1,0.961154,0.968828,0.96877,0.938961,0.883071,0.841519,0.803239,0.765518,0.73935,0.703807,0,0,0,0,0,0,6.36598e-05,0.000302459,0.00228719,0.00790877,0.0146681,1
"235",235,"MILLER.1.1",0,"MILLER.1",1,"MILLER",0.545455,0.518313,0.409379,0.381389,0.390393,0.405503,0.402425,0.431889,0.445489,0.440953,0.448764,0,0,0.0148966,0.0333971,0.058765,0.049564,0.0597129,0.0561411,0.0559565,0.0534373,0.0493123,0
"236",236,"MILLER.2.2",0,"MILLER.2",2,"MILLER",0.865613,0.589345,0.361655,0.381389,0.385561,0.41341,0.416271,0.441474,0.447492,0.443061,0.444552,0,0,0.0184828,0.0309751,0.0455482,0.04857,0.0496546,0.0534422,0.054343,0.0528996,0.0482621,0
"237",237,"MILLER.3.3",2,"MILLER.3",3,"MILLER",0.841897,0.665927,0.398069,0.352454,0.383785,0.390367,0.392813,0.422373,0.437545,0.438845,0.449506,0,0.00332963,0.0463448,0.0512428,0.0510197,0.0487056,0.0416017,0.0507201,0.0508679,0.0493909,0.0481936,1
"238",238,"MILLER.4.4",0,"MILLER.4",4,"MILLER",0.731225,0.589345,0.404966,0.342129,0.354935,0.40225,0.408187,0.41972,0.431074,0.436468,0.449392,0.00790514,0.0332963,0.0637241,0.0536648,0.0470404,0.0426964,0.0382595,0.0400875,0.043829,0.0456983,0.0458535,0
"239",239,"MILLER.5.5",0,"MILLER.5",5,"MILLER",0.644269,0.502775,0.436414,0.358317,0.384708,0.378259,0.390203,0.406738,0.423787,0.436213,0.451698,0.0790514,0.132075,0.0777931,0.0665392,0.0523698,0.0437356,0.0382277,0.041972,0.0440418,0.0449909,0.045865,0
"240",240,"MILLER.6.6",0,"MILLER.6",6,"MILLER",0.561265,0.477248,0.41269,0.388655,0.389469,0.408259,0.41242,0.434099,0.443538,0.441505,0.452326,0,0,0.00165517,0.0276609,0.0610389,0.0574707,0.0652831,0.0598637,0.0567189,0.055135,0.0501341,0
"241",241,"MILLER.7.7",0,"MILLER.7",7,"MILLER",0.628458,0.534961,0.389241,0.406501,0.395154,0.391361,0.401152,0.418859,0.432847,0.440161,0.457896,0,0,0,0.0703633,0.0626732,0.0668685,0.0673839,0.0615621,0.0571798,0.0548238,0.0499401,0
"242",242,"MILLER.8.8",0,"MILLER.8",8,"MILLER",0.687747,0.449501,0.414069,0.391587,0.390038,0.415669,0.429704,0.434913,0.444265,0.444943,0.459654,0,0,0,0.0254939,0.0596888,0.0778927,0.0708534,0.0666806,0.0588997,0.0566347,0.0512642,0
"243",243,"MILLER.9.9",0,"MILLER.9",9,"MILLER",0.671937,0.520533,0.37931,0.387381,0.397357,0.405006,0.417927,0.426119,0.434921,0.441972,0.466012,0,0,0.000275862,0.0577438,0.0654445,0.0820494,0.0737499,0.0648891,0.0606372,0.0566064,0.0508304,0
"244",244,"OSAG.1.1",1,"OSAG.1",1,"OSAG",0.648221,0.601554,0.649103,0.783811,0.807646,0.789409,0.771143,0.740537,0.718587,0.682319,0.653091,0.351779,0.376249,0.255724,0.12798,0.104882,0.109746,0.107585,0.108024,0.110831,0.110695,0.110119,1
"245",245,"OSAG.2.2",2,"OSAG.2",2,"OSAG",0.695652,0.682575,0.768,0.803569,0.822852,0.79578,0.769424,0.742375,0.716601,0.697571,0.668672,0.106719,0.117647,0.117517,0.115488,0.0829247,0.0861609,0.104275,0.122589,0.119448,0.114472,0.113167,1
"246",246,"OSAG.3.3",0,"OSAG.3",3,"OSAG",0.770751,0.674806,0.685241,0.742256,0.772046,0.787647,0.765382,0.740676,0.696637,0.655933,0.635306,0.201581,0.229745,0.212966,0.129127,0.110424,0.108978,0.10819,0.105349,0.110619,0.114741,0.11408,0
"247",247,"OSAG.4.4",1,"OSAG.4",4,"OSAG",0.711462,0.754717,0.718897,0.783556,0.827471,0.798265,0.77057,0.74612,0.730058,0.703202,0.673101,0.280632,0.162042,0.174621,0.128872,0.090528,0.0975467,0.104911,0.115958,0.115955,0.111826,0.109503,1
"248",248,"OSAG.5.5",0,"OSAG.5",5,"OSAG",0.656126,0.680355,0.703724,0.76979,0.797342,0.799982,0.765732,0.747121,0.705785,0.676179,0.651618,0.284585,0.217536,0.192276,0.128872,0.093086,0.0944743,0.109813,0.109862,0.118597,0.111077,0.114434,0
"249",249,"OSAG.6.6",0,"OSAG.6",6,"OSAG",0.699605,0.647059,0.638345,0.773614,0.78775,0.786473,0.771334,0.737907,0.709473,0.672005,0.643685,0.27668,0.321865,0.251586,0.128235,0.104242,0.111553,0.106025,0.106745,0.11381,0.111289,0.111877,0
"250",250,"OSAG.7.7",2,"OSAG.7",7,"OSAG",0.814229,0.823529,0.808828,0.793881,0.815178,0.806262,0.76901,0.751704,0.738356,0.720208,0.694846,0.102767,0.112098,0.112,0.126705,0.101684,0.0936159,0.108285,0.117843,0.116523,0.110185,0.107848,1
"251",251,"OSAG.8.8",1,"OSAG.8",8,"OSAG",0.782609,0.783574,0.724966,0.700701,0.755134,0.766999,0.762358,0.732463,0.681672,0.643256,0.625877,0.055336,0.112098,0.151448,0.141874,0.115896,0.113541,0.108858,0.106908,0.106895,0.116311,0.115507,1
"252",252,"OSAG.9.9",1,"OSAG.9",9,"OSAG",0.778656,0.778024,0.743724,0.781517,0.826689,0.793521,0.767833,0.751821,0.728374,0.705296,0.677507,0.209486,0.154273,0.182621,0.1355,0.0973495,0.105905,0.110736,0.11077,0.1117,0.110129,0.108898,1
"253",253,"PAWN.1.1",2,"PAWN.1",1,"PAWN",0.84585,0.687014,0.789241,0.758572,0.749378,0.72349,0.707611,0.687653,0.67306,0.662965,0.64996,0.146245,0.284129,0.177103,0.192734,0.177219,0.162518,0.150555,0.153882,0.143256,0.129884,0.118724,1
"254",254,"PAWN.2.2",1,"PAWN.2",2,"PAWN",0.620553,0.698113,0.740138,0.700701,0.696511,0.678037,0.665891,0.661248,0.67352,0.677058,0.660221,0.316206,0.263041,0.19669,0.201402,0.21964,0.210952,0.196954,0.178137,0.150931,0.142867,0.129969,1
"255",255,"PAWN.3.3",1,"PAWN.3",3,"PAWN",0.687747,0.681465,0.698207,0.728362,0.739714,0.72114,0.713149,0.695354,0.67524,0.666637,0.654802,0.26087,0.26859,0.254897,0.23276,0.197826,0.173587,0.156157,0.155371,0.144971,0.12945,0.120164,1
"256",256,"PAWN.4.4",1,"PAWN.4",4,"PAWN",0.237154,0.45838,0.56331,0.655832,0.708094,0.701306,0.710348,0.697401,0.684119,0.67623,0.661864,0.703557,0.492786,0.384828,0.295347,0.230086,0.197398,0.170608,0.15672,0.147302,0.136118,0.129722,1
"257",257,"PAWN.5.5",3,"PAWN.5",5,"PAWN",0.671937,0.733629,0.695172,0.687444,0.707454,0.714589,0.690964,0.680214,0.676255,0.673197,0.658707,0.27668,0.218646,0.263448,0.267559,0.215448,0.1894,0.176656,0.164452,0.150672,0.133441,0.125257,1
"258",258,"PAWN.6.6",0,"PAWN.6",6,"PAWN",0.648221,0.588235,0.49931,0.616061,0.65615,0.672977,0.698921,0.681836,0.682294,0.678957,0.66164,0.320158,0.36626,0.455172,0.328362,0.279969,0.223964,0.184582,0.167911,0.154481,0.143166,0.13969,0
"259",259,"PAWN.7.7",1,"PAWN.7",7,"PAWN",0.458498,0.550499,0.589793,0.561632,0.615079,0.666923,0.672566,0.685703,0.675357,0.665705,0.659829,0.517787,0.391787,0.345103,0.365456,0.303276,0.246103,0.215106,0.173758,0.154099,0.145609,0.145583,1
"260",260,"PAWN.8.8",2,"PAWN.8",8,"PAWN",0.833992,0.742508,0.597793,0.620778,0.66688,0.698053,0.689786,0.681487,0.675829,0.678074,0.663391,0.0474308,0.192009,0.358897,0.325558,0.262773,0.218452,0.18856,0.171192,0.151444,0.138221,0.132668,1
"261",261,"PAWN.9.9",0,"PAWN.9",9,"PAWN",0.557312,0.621532,0.577379,0.549267,0.587224,0.629151,0.668937,0.683274,0.670781,0.658893,0.650338,0.335968,0.288568,0.365241,0.384194,0.323527,0.262549,0.21412,0.176432,0.158047,0.159231,0.161796,0
"262",262,"PINT.1.1",0,"PINT.1",1,"PINT",0.466403,0.164262,0.112828,0.131039,0.0985575,0.0925767,0.0833307,0.0770573,0.0810269,0.0824833,0.0804178,0.0671937,0.0233074,0.0118621,0.0054812,0.00348184,0.00302715,0.00455168,0.00358298,0.00499991,0.00455568,0.00423492,0
"263",263,"PINT.2.2",0,"PINT.2",2,"PINT",0.498024,0.317425,0.231448,0.131421,0.118525,0.101071,0.0908425,0.0894116,0.0848212,0.0794414,0.0761715,0,0,0.00993103,0.0054812,0.00369502,0.00311752,0.00353312,0.00432749,0.00361696,0.00469716,0.00413218,0
"264",264,"PINT.3.3",0,"PINT.3",3,"PINT",0.490119,0.309656,0.200552,0.177565,0.132168,0.107487,0.0954579,0.0899002,0.0867892,0.0812665,0.0778152,0,0,0.00496552,0.00497132,0.00376608,0.00411151,0.00413789,0.0039785,0.00471623,0.00469716,0.00429199,0
"265",265,"PINT.4.4",0,"PINT.4",4,"PINT",0.162055,0.301887,0.188414,0.170937,0.124423,0.102336,0.0955852,0.0877597,0.0859205,0.0820305,0.0783973,0,0.017758,0.0057931,0.00573614,0.00369502,0.00406633,0.00455168,0.00376911,0.00526586,0.00464057,0.00431482,0
"266",266,"PINT.5.5",0,"PINT.5",5,"PINT",0.505929,0.258602,0.16,0.130784,0.0980601,0.0955135,0.0937391,0.0872479,0.0812752,0.0791302,0.078306,0,0,0.00165517,0.0054812,0.00412137,0.00320788,0.00343763,0.00351318,0.00382972,0.0032965,0.00399521,0
"267",267,"PINT.6.6",0,"PINT.6",6,"PINT",0.185771,0.147614,0.135448,0.130274,0.108364,0.0959653,0.0876595,0.080617,0.081151,0.0845772,0.0812282,0.0197628,0.0410655,0.0118621,0.0054812,0.00319761,0.00406633,0.00458351,0.00432749,0.00507083,0.00465472,0.00428058,0
"268",268,"PINT.7.7",0,"PINT.7",7,"PINT",0.671937,0.407325,0.183448,0.155768,0.1316,0.109113,0.0926568,0.0961122,0.0859382,0.0780125,0.0755779,0,0,0.00386207,0.0042065,0.00412137,0.00293679,0.00337397,0.00428096,0.00379426,0.00427272,0.00409794,0
"269",269,"PINT.8.8",0,"PINT.8",8,"PINT",0.640316,0.485017,0.182897,0.168897,0.125915,0.105408,0.0952669,0.0896443,0.086807,0.0800922,0.0763084,0,0,0.00524138,0.00573614,0.00397925,0.00325306,0.00429704,0.00400177,0.00413113,0.00475375,0.00417784,0
"270",270,"PINT.9.9",0,"PINT.9",9,"PINT",0.324111,0.18535,0.122207,0.119184,0.0936545,0.0918086,0.099373,0.088225,0.079644,0.0817759,0.0849495,0,0,0.000275862,0.0012747,0.00426348,0.00397596,0.00353312,0.00346665,0.00324462,0.00319746,0.00319616,0
"271",271,"RICH.1.1",3,"RICH.1",1,"RICH",0.857708,0.742508,0.615172,0.571192,0.599801,0.635025,0.664608,0.681673,0.669385,0.641205,0.615113,0,0.00887902,0.0433103,0.0429573,0.0731187,0.0721547,0.0704077,0.0702171,0.0690059,0.070613,0.0755322,1
"272",272,"RICH.2.2",3,"RICH.2",2,"RICH",1,0.938957,0.626207,0.562141,0.575499,0.613066,0.663972,0.680301,0.671708,0.636904,0.615855,0,0,0.0482759,0.0560867,0.0703475,0.0736005,0.069612,0.0674019,0.06913,0.073089,0.0807831,1
"273",273,"RICH.3.3",2,"RICH.3",3,"RICH",0.86166,0.783574,0.627034,0.552071,0.554537,0.609542,0.654455,0.674461,0.659669,0.639182,0.617065,0,0.0344062,0.0576552,0.0690886,0.0699922,0.0723806,0.06662,0.0656802,0.0688818,0.0783237,0.0882484,1
"274",274,"RICH.4.4",3,"RICH.4",4,"RICH",0.814229,0.782464,0.743448,0.603059,0.562353,0.618262,0.653532,0.666015,0.652879,0.63273,0.616243,0.0197628,0.0499445,0.070069,0.0901211,0.0813615,0.0726969,0.0763281,0.0722878,0.0755483,0.0836859,0.0915587,1
"275",275,"RICH.5.5",2,"RICH.5",5,"RICH",0.735178,0.779134,0.783724,0.647419,0.604775,0.634437,0.65299,0.655383,0.642896,0.629023,0.616997,0.0790514,0.0788013,0.0948966,0.113703,0.0927308,0.0750915,0.0814527,0.0826644,0.0843425,0.0916088,0.0953028,1
"276",276,"RICH.6.6",2,"RICH.6",6,"RICH",0.818182,0.81687,0.763034,0.683493,0.617068,0.627299,0.66324,0.673809,0.654634,0.628457,0.613903,0.102767,0.119867,0.0888276,0.101211,0.0874014,0.0815976,0.0839991,0.0803844,0.0798035,0.0839688,0.0900976,1
"277",277,"RICH.7.7",2,"RICH.7",7,"RICH",0.996047,0.932297,0.697655,0.620905,0.572302,0.62504,0.663558,0.680114,0.663907,0.63573,0.611963,0,0.0133185,0.072,0.0781389,0.0778086,0.0761307,0.0765509,0.0717759,0.0738107,0.078253,0.0861709,1
"278",278,"RICH.8.8",2,"RICH.8",8,"RICH",0.952569,0.789123,0.706483,0.626896,0.610175,0.636109,0.662094,0.682697,0.66685,0.638163,0.61226,0,0.0288568,0.0526897,0.0722753,0.0780928,0.0778476,0.0771557,0.0736139,0.0720377,0.0723108,0.0795503,1
"279",279,"RICH.9.9",3,"RICH.9",9,"RICH",0.814229,0.790233,0.731034,0.685277,0.646415,0.634302,0.665372,0.673856,0.660095,0.627863,0.61226,0.110672,0.130966,0.0968276,0.0856597,0.0803667,0.0842633,0.0829169,0.0809893,0.0746618,0.0796537,0.0858741,1
"280",280,"ROSE.1.1",2,"ROSE.1",1,"ROSE",0.719368,0.584906,0.558621,0.508859,0.481347,0.514571,0.528217,0.529164,0.53843,0.549893,0.554512,0.264822,0.398446,0.428138,0.412365,0.408015,0.348665,0.313588,0.282474,0.262832,0.242342,0.22348,1
"281",281,"ROSE.2.2",0,"ROSE.2",2,"ROSE",0.612648,0.623751,0.580138,0.524538,0.461593,0.479917,0.496546,0.498872,0.508555,0.497602,0.492837,0.209486,0.208657,0.197241,0.176673,0.211753,0.210319,0.207244,0.208534,0.187426,0.180897,0.175264,0
"282",282,"ROSE.3.3",0,"ROSE.3",3,"ROSE",0.209486,0.315205,0.377655,0.457616,0.485255,0.468531,0.483273,0.51667,0.521516,0.512542,0.510987,0.581028,0.45394,0.384552,0.314723,0.292972,0.273167,0.254512,0.22738,0.216805,0.212136,0.202397,0
"283",283,"ROSE.4.4",2,"ROSE.4",4,"ROSE",0.636364,0.337403,0.434483,0.492033,0.476444,0.485384,0.508896,0.519765,0.532225,0.53293,0.529958,0.343874,0.621532,0.451586,0.356915,0.357848,0.331993,0.279116,0.253763,0.235421,0.228109,0.213823,1
"284",284,"ROSE.5.5",1,"ROSE.5",5,"ROSE",0.462451,0.45172,0.482759,0.507584,0.485042,0.492884,0.5067,0.522743,0.538395,0.54248,0.532458,0.529644,0.530522,0.423172,0.34557,0.352874,0.328785,0.278002,0.248179,0.231716,0.225506,0.215593,1
"285",285,"ROSE.6.6",0,"ROSE.6",6,"ROSE",0.466403,0.503885,0.550069,0.502741,0.501528,0.487914,0.496196,0.525279,0.535983,0.530623,0.515861,0.395257,0.409545,0.305655,0.32441,0.286293,0.283965,0.258841,0.219795,0.214092,0.206901,0.202671,0
"286",286,"ROSE.7.7",0,"ROSE.7",7,"ROSE",0.490119,0.613762,0.57931,0.506437,0.487316,0.486468,0.492186,0.519509,0.526462,0.519574,0.504458,0.434783,0.27636,0.253793,0.268834,0.252753,0.249718,0.239806,0.21228,0.20333,0.194932,0.190857,0
"287",287,"ROSE.8.8",0,"ROSE.8",8,"ROSE",0.525692,0.402886,0.47531,0.482728,0.472465,0.46451,0.481173,0.514786,0.518147,0.512953,0.500976,0.375494,0.418424,0.295724,0.265774,0.264052,0.250169,0.24022,0.219469,0.205688,0.201242,0.193573,0
"288",288,"ROSE.9.9",0,"ROSE.9",9,"ROSE",0.462451,0.472808,0.47669,0.489484,0.458182,0.456513,0.485406,0.500617,0.507385,0.49954,0.493967,0.26087,0.233074,0.240276,0.218611,0.220067,0.218768,0.216825,0.214816,0.195528,0.190376,0.183483,0
"289",289,"ROTHELL.1.1",2,"ROTHELL.1",1,"ROTHELL",0.833992,0.784684,0.720828,0.639771,0.642294,0.692495,0.718337,0.728601,0.738338,0.740425,0.736316,0,0.0188679,0.0237241,0.0528999,0.0861224,0.0883296,0.0873094,0.0945999,0.100459,0.108487,0.120221,1
"290",290,"ROTHELL.2.2",2,"ROTHELL.2",2,"ROTHELL",0.84585,0.778024,0.781241,0.685915,0.65281,0.687751,0.713276,0.728252,0.736884,0.745023,0.743748,0.00790514,0.0144284,0.062069,0.0945825,0.107227,0.0902273,0.0888054,0.094344,0.0995195,0.105842,0.112562,1
"291",291,"ROTHELL.3.3",0,"ROTHELL.3",3,"ROTHELL",0.778656,0.712542,0.761931,0.674952,0.682299,0.684634,0.707642,0.726926,0.740696,0.747287,0.749112,0.0592885,0.0932297,0.137931,0.147482,0.116109,0.0962364,0.0962536,0.0956004,0.0996791,0.10587,0.106935,0
"292",292,"ROTHELL.4.4",0,"ROTHELL.4",4,"ROTHELL",0.956522,0.9101,0.706207,0.633015,0.650394,0.686622,0.709266,0.724436,0.731512,0.737624,0.743462,0,0.0110988,0.0725517,0.115105,0.111561,0.0944743,0.0949804,0.0998348,0.109626,0.114882,0.112585,0
"293",293,"ROTHELL.5.5",0,"ROTHELL.5",5,"ROTHELL",0.964427,0.835738,0.611862,0.631103,0.639736,0.686351,0.713977,0.725809,0.728267,0.73246,0.734513,0,0.00332963,0.0295172,0.0543021,0.0958573,0.0956038,0.0910017,0.0992066,0.113473,0.118561,0.116923,0
"294",294,"ROTHELL.6.6",0,"ROTHELL.6",6,"ROTHELL",0.758893,0.649279,0.566345,0.616189,0.653592,0.684182,0.711908,0.722156,0.724189,0.723731,0.723783,0.00395257,0.00665927,0.00717241,0.0386233,0.0842749,0.0975918,0.0945348,0.107513,0.12381,0.125225,0.122482,0
"295",295,"ROTHELL.7.7",3,"ROTHELL.7",7,"ROTHELL",0.762846,0.628191,0.638069,0.620905,0.642862,0.686125,0.700258,0.70929,0.713321,0.716968,0.723326,0.00395257,0.00665927,0.0286897,0.0783939,0.111632,0.101116,0.10784,0.123543,0.131913,0.128351,0.123555,1
"296",296,"ROTHELL.8.8",3,"ROTHELL.8",8,"ROTHELL",0.920949,0.793563,0.676414,0.618101,0.643644,0.682601,0.705924,0.709732,0.71676,0.72366,0.732652,0,0.0144284,0.0811035,0.132951,0.12293,0.104911,0.106089,0.118913,0.126381,0.1263,0.119251,1
"297",297,"ROTHELL.9.9",2,"ROTHELL.9",9,"ROTHELL",1,0.942286,0.627586,0.622435,0.643644,0.684995,0.708311,0.716875,0.723888,0.727494,0.73554,0,0.00110988,0.0515862,0.0999363,0.111206,0.0984955,0.0976223,0.109653,0.121008,0.122904,0.117276,1
"298",298,"RWRNE.1.1",0,"RWRNE.1",1,"RWRNE",1,1,0.922759,0.868324,0.802245,0.797723,0.73613,0.703869,0.691264,0.686804,0.698876,0,0,0,0.0012747,0.00262915,0.00189762,0.00302384,0.00293153,0.00257088,0.00319746,0.00394955,0
"299",299,"RWRNE.2.2",2,"RWRNE.2",2,"RWRNE",1,0.960044,0.900414,0.87355,0.807433,0.783446,0.730655,0.695354,0.685201,0.690454,0.695063,0,0,0.00193103,0.00152964,0.00270021,0.00216871,0.00327848,0.00297806,0.00304959,0.00322576,0.00364134,1
"300",300,"RWRNE.3.3",0,"RWRNE.3",3,"RWRNE",1,0.992231,0.901517,0.834162,0.801535,0.777979,0.754146,0.712338,0.697151,0.693043,0.6948,0,0,0,0,0.0013501,0.00180726,0.00155967,0.00241967,0.00244677,0.00309843,0.00535358,0
"301",301,"RWRNE.4.4",0,"RWRNE.4",4,"RWRNE",0.782609,0.738069,0.763034,0.718547,0.673559,0.682239,0.706433,0.670971,0.635698,0.651873,0.669277,0,0.00443951,0.00772414,0.00458891,0.00561359,0.0051055,0.00499729,0.00621205,0.00911331,0.0154638,0.0170424,0
"302",302,"RWRNE.5.5",0,"RWRNE.5",5,"RWRNE",1,0.891232,0.799172,0.785596,0.761245,0.714725,0.676545,0.67481,0.66724,0.666601,0.679002,0,0.0110988,0.0110345,0.00917782,0.00532935,0.00375006,0.0055384,0.00456015,0.00517721,0.00943676,0.011061,0
"303",303,"RWRNE.6.6",1,"RWRNE.6",6,"RWRNE",1,0.993341,0.897931,0.784831,0.806154,0.765012,0.72865,0.699914,0.685236,0.676575,0.669722,0,0,0.000275862,0.00458891,0.00270021,0.00307234,0.00264188,0.00248947,0.00343966,0.0047962,0.00703156,1
"304",304,"RWRNE.7.7",0,"RWRNE.7",7,"RWRNE",0.936759,0.887902,0.793103,0.764436,0.723513,0.720824,0.718719,0.695563,0.665343,0.645322,0.661583,0,0.00221976,0.00772414,0.00484385,0.00369502,0.00365969,0.00369227,0.00432749,0.00615237,0.00938017,0.0150676,0
"305",305,"RWRNE.8.8",1,"RWRNE.8",8,"RWRNE",0.928854,0.936737,0.797793,0.805736,0.782704,0.72864,0.702613,0.689398,0.675538,0.653726,0.658399,0,0.00221976,0.0104828,0.00497132,0.0052583,0.00365969,0.00305567,0.0042577,0.00475169,0.00629589,0.0123509,1
"306",306,"RWRNE.9.9",0,"RWRNE.9",9,"RWRNE",0.596838,0.567148,0.740138,0.723391,0.678747,0.668052,0.640481,0.645913,0.65685,0.655339,0.672873,0.0948617,0.0288568,0.0118621,0.0096877,0.00596888,0.00682239,0.00531559,0.00646797,0.013209,0.0139641,0.0145996,0
"307",307,"RWRNW.1.1",0,"RWRNW.1",1,"RWRNW",0.600791,0.601554,0.585931,0.658381,0.692319,0.698279,0.7029,0.704497,0.695679,0.692661,0.69496,0.185771,0.0799112,0.0791724,0.0665392,0.0542173,0.0436452,0.0373683,0.0301063,0.0247159,0.0226086,0.0199075,0
"308",308,"RWRNW.2.2",0,"RWRNW.2",2,"RWRNW",0.948617,0.802442,0.528828,0.591587,0.61856,0.643022,0.677277,0.668691,0.669545,0.679758,0.683203,0,0.017758,0.0311724,0.0344168,0.0279969,0.0290968,0.0298246,0.0266164,0.0234748,0.0230755,0.0216997,0
"309",309,"RWRNW.3.3",0,"RWRNW.3",3,"RWRNW",0.964427,0.895671,0.623448,0.619885,0.611099,0.653639,0.675717,0.668737,0.676353,0.68164,0.688945,0.0158103,0.00554939,0.0264828,0.031485,0.0340368,0.0328921,0.0299838,0.0286173,0.0253187,0.0219154,0.020444,0
"310",310,"RWRNW.4.4",0,"RWRNW.4",4,"RWRNW",0.458498,0.339623,0.577655,0.636839,0.687274,0.693715,0.700003,0.703939,0.667293,0.659951,0.675555,0,0.0244173,0.0491035,0.0373486,0.0390819,0.0374102,0.0318617,0.028594,0.0250173,0.0218022,0.0199646,0
"311",311,"RWRNW.5.5",1,"RWRNW.5",5,"RWRNW",0.913043,0.761376,0.709793,0.632887,0.648689,0.679483,0.677436,0.687536,0.691193,0.690695,0.691193,0.0395257,0.0577137,0.0273103,0.0523901,0.0472536,0.0400307,0.0338352,0.0295945,0.0265421,0.022071,0.0194281,1
"312",312,"RWRNW.6.6",0,"RWRNW.6",6,"RWRNW",0.778656,0.655938,0.609379,0.620268,0.653663,0.678354,0.690391,0.691096,0.677116,0.671765,0.680612,0.00395257,0.0133185,0.0435862,0.0404079,0.0435586,0.0375457,0.0324347,0.0294549,0.0257442,0.0222549,0.0200217,0
"313",313,"RWRNW.7.7",0,"RWRNW.7",7,"RWRNW",0.881423,0.902331,0.735724,0.628553,0.623321,0.666516,0.667378,0.671459,0.686974,0.688686,0.695177,0,0.0133185,0.0190345,0.0373486,0.0427769,0.0364162,0.032753,0.029641,0.0259393,0.022354,0.0194167,0
"314",314,"RWRNW.8.8",0,"RWRNW.8",8,"RWRNW",0.750988,0.652608,0.546483,0.616953,0.661906,0.666335,0.690995,0.68863,0.671247,0.667266,0.678911,0.0197628,0.0244173,0.048,0.0339069,0.0341079,0.0336601,0.0310342,0.0284544,0.0249996,0.0218305,0.0205354,0
"315",315,"RWRNW.9.9",1,"RWRNW.9",9,"RWRNW",0.909091,0.82131,0.77131,0.625239,0.614794,0.627976,0.642709,0.654429,0.67536,0.696014,0.701478,0,0,0.00772414,0.02116,0.028139,0.0306782,0.0294427,0.0285475,0.0255137,0.022071,0.0203071,1
"316",316,"RWRSE.1.1",0,"RWRSE.1",1,"RWRSE",0.711462,0.596004,0.619586,0.67304,0.643146,0.640898,0.608811,0.627277,0.660272,0.667421,0.687826,0,0.00332963,0.017931,0.008413,0.0096639,0.00731939,0.00741637,0.0137503,0.0160635,0.0149545,0.0153872,0
"317",317,"RWRSE.2.2",0,"RWRSE.2",2,"RWRSE",0.889328,0.683685,0.573517,0.630975,0.612449,0.608458,0.597988,0.628138,0.660183,0.67915,0.696684,0.0158103,0.0310766,0.0148966,0.0122371,0.0105166,0.00795193,0.0128275,0.0168214,0.0166132,0.0155063,0.0143257,0
"318",318,"RWRSE.3.3",0,"RWRSE.3",3,"RWRSE",1,0.781354,0.710345,0.714468,0.698145,0.653413,0.645447,0.645332,0.655113,0.663361,0.674334,0,0.0288568,0.0171034,0.0096877,0.0057557,0.00691275,0.00557023,0.00723576,0.0130317,0.014049,0.0135951,0
"319",319,"RWRSE.4.4",1,"RWRSE.4",4,"RWRSE",0.525692,0.582686,0.661241,0.608031,0.601933,0.604075,0.628609,0.649124,0.664013,0.681272,0.707197,0.0355731,0.0321865,0.00937931,0.00956023,0.0106587,0.0104369,0.0163924,0.0163561,0.015443,0.0150536,0.0145425,1
"320",320,"RWRSE.5.5",1,"RWRSE.5",5,"RWRSE",0.529644,0.528302,0.541517,0.551179,0.569033,0.570551,0.595697,0.637189,0.667612,0.687865,0.701649,0,0.00110988,0.0107586,0.0154238,0.0112982,0.0177111,0.0208486,0.0184035,0.018333,0.0156478,0.0155927,1
"321",321,"RWRSE.6.6",0,"RWRSE.6",6,"RWRSE",0.980237,0.8202,0.628965,0.688591,0.651887,0.632585,0.625362,0.633559,0.654403,0.671156,0.685075,0,0.0122087,0.0165517,0.0096877,0.00937966,0.00740975,0.00658879,0.0128196,0.0150529,0.0140915,0.0142115,0
"322",322,"RWRSE.7.7",0,"RWRSE.7",7,"RWRSE",0.644269,0.697003,0.657103,0.668834,0.632772,0.615506,0.636534,0.641307,0.654084,0.678796,0.693682,0.110672,0.0377358,0.0151724,0.008413,0.0104455,0.00781638,0.00814846,0.0152626,0.0148756,0.0145018,0.0137778,0
"323",323,"RWRSE.8.8",0,"RWRSE.8",8,"RWRSE",0.869565,0.899001,0.737379,0.695857,0.69509,0.642028,0.657574,0.648473,0.649634,0.673844,0.678945,0.00790514,0.00221976,0.0171034,0.0096877,0.0057557,0.00695794,0.00563389,0.00788721,0.012943,0.0133558,0.0132184,0
"324",324,"RWRSE.9.9",0,"RWRSE.9",9,"RWRSE",0.573123,0.489456,0.53931,0.584321,0.599517,0.593232,0.582519,0.620577,0.666495,0.683366,0.698362,0,0.00554939,0.0107586,0.0154238,0.0107298,0.00957846,0.0174428,0.0187292,0.0170032,0.0164967,0.0145083,0
"325",325,"SACW.1.1",0,"SACW.1",1,"SACW",0.557312,0.481687,0.337931,0.280943,0.29418,0.26395,0.206831,0.181662,0.157497,0.142415,0.134844,0.0355731,0.09101,0.125241,0.0912683,0.0876856,0.071477,0.0533151,0.0401573,0.0324462,0.0269379,0.0223275,0
"326",326,"SACW.2.2",0,"SACW.2",2,"SACW",0.264822,0.193119,0.310621,0.280433,0.237902,0.225229,0.202184,0.183383,0.174518,0.159845,0.14272,0.209486,0.146504,0.0513103,0.0467814,0.0402189,0.042335,0.0420791,0.038994,0.0332796,0.028381,0.0234918,0
"327",327,"SACW.3.3",0,"SACW.3",3,"SACW",0.810277,0.552719,0.333241,0.266922,0.240816,0.240094,0.214947,0.192457,0.171309,0.159576,0.147914,0.0316206,0.0677026,0.0482759,0.0409178,0.040432,0.050558,0.0470764,0.0401805,0.0321448,0.0271502,0.0231608,0
"328",328,"SACW.4.4",0,"SACW.4",4,"SACW",0.482213,0.499445,0.346207,0.28362,0.284161,0.252203,0.203807,0.179568,0.154501,0.138679,0.133577,0.367589,0.226415,0.137931,0.115488,0.0810772,0.0684498,0.0527421,0.0393662,0.0315065,0.0266974,0.0222476,0
"329",329,"SACW.5.5",0,"SACW.5",5,"SACW",0.490119,0.334073,0.317517,0.30529,0.275634,0.25767,0.206481,0.188339,0.170352,0.151738,0.140882,0.0632411,0.0599334,0.0968276,0.0745698,0.0812194,0.0712059,0.0537925,0.0402969,0.0316306,0.0261456,0.0216198,0
"330",330,"SACW.6.6",0,"SACW.6",6,"SACW",0.648221,0.522753,0.283862,0.267304,0.244084,0.208467,0.207563,0.190037,0.162018,0.14946,0.14304,0.0316206,0.0677026,0.0877241,0.0553219,0.0505223,0.049067,0.0487952,0.0417859,0.0330491,0.0274473,0.0233891,0
"331",331,"SACW.7.7",0,"SACW.7",7,"SACW",0.561265,0.384018,0.312276,0.270746,0.296952,0.251751,0.211605,0.188246,0.172763,0.154992,0.14546,0.118577,0.0477247,0.0361379,0.0741874,0.0692105,0.0685854,0.0533787,0.0402969,0.0319675,0.026273,0.021928,0
"332",332,"SACW.8.8",0,"SACW.8",8,"SACW",0.754941,0.569367,0.333793,0.306437,0.295246,0.259748,0.208772,0.182313,0.154058,0.143362,0.137001,0.13834,0.169811,0.13131,0.119439,0.0932992,0.0718384,0.0531878,0.0395058,0.0313115,0.0264427,0.0222704,0
"333",333,"SACW.9.9",0,"SACW.9",9,"SACW",0.300395,0.307436,0.297655,0.259911,0.235913,0.21922,0.195149,0.170866,0.151309,0.139443,0.132607,0.335968,0.241953,0.146759,0.10733,0.073474,0.0598654,0.047904,0.0388311,0.0310278,0.0259334,0.0226129,0
"334",334,"SPRING.1.1",3,"SPRING.1",1,"SPRING",0.98419,0.849057,0.836966,0.854685,0.791587,0.72096,0.675812,0.623601,0.59116,0.577963,0.577764,0.0158103,0.0965594,0.0755862,0.0544296,0.0756058,0.101703,0.101728,0.0992532,0.0981543,0.0964899,0.0959306,1
"335",335,"SPRING.2.2",2,"SPRING.2",2,"SPRING",0.608696,0.705882,0.84469,0.836839,0.791303,0.747165,0.725308,0.681278,0.619794,0.594587,0.579499,0.0948617,0.139845,0.0902069,0.0795411,0.0872593,0.110469,0.109113,0.107443,0.106966,0.105941,0.101775,1
"336",336,"SPRING.3.3",2,"SPRING.3",3,"SPRING",0.810277,0.830189,0.880552,0.843722,0.793932,0.74721,0.693574,0.652195,0.622879,0.59968,0.588619,0.0869565,0.0399556,0.0466207,0.054557,0.0793718,0.0902273,0.105071,0.104279,0.0999982,0.0963342,0.0951201,1
"337",337,"SPRING.4.4",3,"SPRING.4",4,"SPRING",0.928854,0.935627,0.865931,0.830975,0.771975,0.723174,0.675367,0.638259,0.622223,0.608282,0.591679,0,0.00110988,0.0306207,0.0555768,0.0731187,0.081688,0.0912563,0.0976478,0.093509,0.0925708,0.0908396,1
"338",338,"SPRING.5.5",2,"SPRING.5",5,"SPRING",0.948617,0.936737,0.841379,0.855067,0.789455,0.719695,0.66429,0.626975,0.599582,0.587315,0.58419,0,0.0255272,0.0513103,0.0460166,0.0692105,0.0923508,0.0983544,0.0972988,0.0979947,0.0930094,0.0924605,1
"339",339,"SPRING.6.6",0,"SPRING.6",6,"SPRING",0.675889,0.811321,0.835862,0.771319,0.696653,0.636696,0.590636,0.569996,0.577561,0.579986,0.56821,0,0.00221976,0.0168276,0.0551944,0.064876,0.0690824,0.0823758,0.0843396,0.087002,0.0885669,0.0926774,0
"340",340,"SPRING.7.7",4,"SPRING.7",7,"SPRING",0.956522,0.882353,0.857931,0.801785,0.750302,0.678625,0.614763,0.594053,0.585787,0.587301,0.577604,0,0,0.0187586,0.0492033,0.0660129,0.077712,0.0848267,0.0905749,0.0907608,0.089529,0.0930312,1
"341",341,"SPRING.8.8",2,"SPRING.8",8,"SPRING",0.84585,0.847947,0.828138,0.779222,0.67832,0.621064,0.58688,0.563831,0.562011,0.544262,0.540825,0.00395257,0.0099889,0.0204138,0.0620778,0.099126,0.109294,0.0989592,0.0951351,0.0938636,0.0954288,0.0963529,1
"342",342,"SPRING.9.9",1,"SPRING.9",9,"SPRING",0.893281,0.81909,0.832276,0.753091,0.726711,0.660191,0.602795,0.594914,0.589582,0.589083,0.578882,0,0.00110988,0.00827586,0.0546845,0.0681447,0.0671396,0.0770602,0.0857356,0.0896083,0.0889489,0.0927344,1
"343",343,"TWIN.1.1",2,"TWIN.1",1,"TWIN",0.667984,0.573807,0.543448,0.57731,0.551055,0.52799,0.509119,0.502059,0.522686,0.541588,0.56111,0.316206,0.354051,0.310069,0.281963,0.248135,0.220395,0.215966,0.22161,0.210475,0.197833,0.180138,1
"344",344,"TWIN.2.2",1,"TWIN.2",2,"TWIN",0.70751,0.697003,0.729655,0.651243,0.581468,0.562689,0.555145,0.560201,0.550061,0.544814,0.55797,0.288538,0.249723,0.155586,0.158955,0.183969,0.197126,0.199828,0.194179,0.182089,0.174347,0.168792,1
"345",345,"TWIN.3.3",0,"TWIN.3",3,"TWIN",0.778656,0.834628,0.727448,0.693563,0.631777,0.586816,0.553872,0.549359,0.55343,0.547021,0.546761,0.162055,0.105438,0.152552,0.135755,0.170681,0.191931,0.193526,0.183383,0.185617,0.18616,0.177147,0
"346",346,"TWIN.4.4",3,"TWIN.4",4,"TWIN",0.312253,0.410655,0.406897,0.402677,0.451148,0.492342,0.492568,0.50513,0.517172,0.5419,0.554751,0.664032,0.526082,0.392552,0.323008,0.270447,0.264221,0.258841,0.231032,0.210546,0.194861,0.183403,1
"347",347,"TWIN.5.5",1,"TWIN.5",5,"TWIN",0.545455,0.443951,0.522483,0.501848,0.506928,0.509375,0.495751,0.497778,0.520771,0.541418,0.555322,0.438735,0.540511,0.363862,0.30478,0.256164,0.243257,0.233822,0.225472,0.208791,0.196771,0.183117,1
"348",348,"TWIN.6.6",0,"TWIN.6",6,"TWIN",0.675889,0.72808,0.709241,0.689101,0.653379,0.623955,0.61368,0.578837,0.550079,0.552086,0.541921,0.268775,0.154273,0.10869,0.113958,0.139842,0.166493,0.165802,0.163049,0.16349,0.16665,0.167616,0
"349",349,"TWIN.7.7",1,"TWIN.7",7,"TWIN",0.782609,0.657048,0.672828,0.654812,0.600725,0.563051,0.557437,0.543054,0.528554,0.522559,0.520792,0.0948617,0.0754717,0.0932414,0.156915,0.196547,0.204672,0.19604,0.183337,0.17349,0.171687,0.173415,1
"350",350,"TWIN.8.8",2,"TWIN.8",8,"TWIN",0.616601,0.711432,0.746759,0.652772,0.632346,0.591018,0.564949,0.560085,0.549121,0.533057,0.536465,0.379447,0.27303,0.177379,0.133078,0.137284,0.167036,0.179107,0.177078,0.174305,0.176879,0.174134,1
"351",351,"TWIN.9.9",3,"TWIN.9",9,"TWIN",0.833992,0.762486,0.752552,0.699936,0.631848,0.578548,0.572556,0.563086,0.550912,0.543385,0.549729,0.0869565,0.1798,0.152276,0.111918,0.158815,0.197578,0.188242,0.178846,0.178366,0.179581,0.174659,1
"352",352,"WFRONT.1.1",0,"WFRONT.1",1,"WFRONT",0.422925,0.436182,0.266759,0.151944,0.123925,0.143948,0.182704,0.205626,0.231007,0.257269,0.265419,0,0,0,0.00395156,0.00341079,0.00365969,0.00381959,0.00339685,0.00351058,0.00376339,0.00364134,0
"353",353,"WFRONT.2.2",0,"WFRONT.2",2,"WFRONT",0.501976,0.497225,0.230621,0.169917,0.145029,0.199295,0.222905,0.248272,0.278435,0.292695,0.288089,0,0.00332963,0.00110345,0.00599108,0.00333973,0.00361451,0.00321482,0.00330379,0.00343966,0.00384828,0.00356144,0
"354",354,"WFRONT.3.3",0,"WFRONT.3",3,"WFRONT",0.470356,0.27636,0.150069,0.14608,0.161941,0.133285,0.114779,0.122798,0.149359,0.16965,0.19653,0,0,0,0.000382409,0.0057557,0.00415669,0.00394691,0.0042577,0.00459212,0.0040605,0.00382398,0
"355",355,"WFRONT.4.4",0,"WFRONT.4",4,"WFRONT",0.592885,0.432852,0.245517,0.173359,0.135934,0.128089,0.153165,0.179265,0.199234,0.229991,0.250888,0,0,0,0.00535373,0.00405031,0.00420187,0.0037241,0.00376911,0.00402475,0.00393316,0.0036071,0
"356",356,"WFRONT.5.5",0,"WFRONT.5",5,"WFRONT",0.667984,0.432852,0.201655,0.176291,0.148014,0.129806,0.124359,0.149717,0.175653,0.199261,0.227236,0,0,0,0.00254939,0.00461877,0.00415669,0.00366044,0.00393197,0.00425524,0.00418783,0.00380115,0
"357",357,"WFRONT.6.6",0,"WFRONT.6",6,"WFRONT",0.466403,0.310766,0.253241,0.186233,0.139487,0.163331,0.198014,0.213048,0.241379,0.271021,0.275395,0,0,0.0110345,0.00599108,0.00348184,0.00375006,0.00346946,0.00351318,0.00386518,0.00387657,0.00390389,0
"358",358,"WFRONT.7.7",0,"WFRONT.7",7,"WFRONT",0.521739,0.518313,0.246069,0.153091,0.130818,0.172322,0.208422,0.228473,0.260137,0.277458,0.273843,0,0,0.000827586,0.0054812,0.00341079,0.00352415,0.00381959,0.00339685,0.00336873,0.00359361,0.0033788,0
"359",359,"WFRONT.8.8",0,"WFRONT.8",8,"WFRONT",0.525692,0.293008,0.201379,0.162651,0.216514,0.243708,0.274565,0.303902,0.326023,0.320284,0.306512,0.0118577,0.00332963,0.00165517,0.00599108,0.00362396,0.00262052,0.00305567,0.00309439,0.0029964,0.00312672,0.00366417,0
"360",360,"WFRONT.9.9",0,"WFRONT.9",9,"WFRONT",0.367589,0.381798,0.20331,0.147865,0.201236,0.237564,0.259796,0.292269,0.319516,0.309404,0.294173,0,0.00110988,0.000827586,0.00305927,0.00362396,0.00275607,0.00321482,0.00302459,0.00296094,0.00315502,0.00327607,0
"361",361,"WSAC.1.1",0,"WSAC.1",1,"WSAC",0.541502,0.438402,0.221517,0.14812,0.117033,0.106944,0.125537,0.136432,0.141593,0.151597,0.158244,0,0.0221976,0.0121379,0.0133843,0.00838485,0.00573804,0.00416972,0.00467648,0.00471623,0.00496597,0.00495405,0
"362",362,"WSAC.2.2",0,"WSAC.2",2,"WSAC",0.43083,0.300777,0.185931,0.160484,0.114972,0.0976822,0.0919248,0.0868989,0.0972501,0.120641,0.137892,0.146245,0.0554939,0.0217931,0.0122371,0.00724792,0.00542177,0.00413789,0.00335032,0.00526586,0.00875766,0.0126249,0
"363",363,"WSAC.3.3",0,"WSAC.3",3,"WSAC",0.426877,0.405105,0.267862,0.167878,0.114759,0.0993087,0.0951077,0.10386,0.120831,0.125564,0.144021,0.0592885,0.0488346,0.0267586,0.012492,0.00810062,0.00542177,0.00407423,0.00337358,0.00382972,0.0051216,0.0081388,0
"364",364,"WSAC.4.4",0,"WSAC.4",4,"WSAC",0.869565,0.582686,0.217655,0.149395,0.117104,0.10324,0.106694,0.124427,0.132657,0.140278,0.145505,0.0118577,0.00887902,0.014069,0.0136393,0.00781639,0.00533141,0.00423338,0.0040483,0.00443255,0.00486694,0.00545631,0
"365",365,"WSAC.5.5",0,"WSAC.5",5,"WSAC",0.648221,0.479467,0.199448,0.12594,0.119022,0.110785,0.12802,0.130313,0.146753,0.146503,0.154044,0.0197628,0.00776915,0.00827586,0.0123646,0.00781639,0.00555731,0.00506095,0.00476955,0.00508856,0.00489523,0.00511386,0
"366",366,"WSAC.6.6",0,"WSAC.6",6,"WSAC",0.600791,0.495006,0.232276,0.162396,0.115967,0.103285,0.102206,0.123589,0.133296,0.139231,0.149329,0.083004,0.0266371,0.022069,0.0140217,0.00824273,0.00560249,0.00416972,0.00395524,0.00446801,0.00475375,0.00617545,0
"367",367,"WSAC.7.7",2,"WSAC.7",7,"WSAC",0.422925,0.309656,0.218759,0.176546,0.115611,0.0972756,0.0964764,0.0909239,0.110672,0.126852,0.141773,0.181818,0.0621532,0.0217931,0.012747,0.00760321,0.00542177,0.00410606,0.00335032,0.00407794,0.00789462,0.00942869,1
"368",368,"WSAC.8.8",1,"WSAC.8",8,"WSAC",0.15415,0.18535,0.251862,0.144551,0.123357,0.0992184,0.0896967,0.10137,0.110796,0.122423,0.135118,0,0.00665927,0.025931,0.012492,0.00760321,0.00524104,0.00407423,0.00337358,0.00343966,0.00505086,0.00841276,1
"369",369,"WSAC.9.9",0,"WSAC.9",9,"WSAC",0.616601,0.521643,0.233379,0.154876,0.119449,0.102878,0.0939937,0.115423,0.123579,0.132822,0.14183,0,0.0288568,0.0251034,0.012492,0.0079585,0.00533141,0.00416972,0.00372258,0.00398929,0.00509331,0.00684892,0
"370",370,"YANK.1.1",2,"YANK.1",1,"YANK",0.70751,0.559378,0.537931,0.430083,0.405955,0.405368,0.408951,0.430562,0.444265,0.448338,0.454837,0.0750988,0.260821,0.177103,0.138177,0.118098,0.114219,0.101951,0.0981131,0.0936508,0.0958532,0.0973346,1
"371",371,"YANK.2.2",0,"YANK.2",2,"YANK",0.561265,0.497225,0.478897,0.473678,0.449513,0.442958,0.46408,0.473535,0.488537,0.480907,0.479505,0.102767,0.0954495,0.0968276,0.101466,0.109785,0.100303,0.0992456,0.0985086,0.101629,0.111444,0.107791,0
"372",372,"YANK.3.3",3,"YANK.3",3,"YANK",0.600791,0.466149,0.340966,0.381772,0.408157,0.458456,0.464335,0.454317,0.467775,0.468542,0.472416,0,0.0610433,0.0565517,0.0692161,0.0945783,0.0965075,0.0952032,0.0904353,0.0901048,0.0946789,0.0957137,1
"373",373,"YANK.4.4",1,"YANK.4",4,"YANK",0.731225,0.694784,0.478345,0.449586,0.420806,0.419058,0.450011,0.460878,0.465187,0.471173,0.472747,0.102767,0.165372,0.14869,0.144551,0.11817,0.105499,0.0992456,0.0974151,0.103066,0.103125,0.100645,1
"374",374,"YANK.5.5",0,"YANK.5",5,"YANK",0.498024,0.293008,0.265379,0.348502,0.401762,0.415985,0.427412,0.439078,0.446818,0.454705,0.454426,0.0869565,0.124306,0.112552,0.125175,0.104242,0.10098,0.0948531,0.0927852,0.0903353,0.087138,0.0896981,0
"375",375,"YANK.6.6",2,"YANK.6",6,"YANK",0.561265,0.483907,0.491862,0.415806,0.410645,0.395021,0.410542,0.437589,0.454956,0.456756,0.456686,0.241107,0.267481,0.180414,0.133206,0.119164,0.108164,0.101474,0.0961588,0.0949274,0.0942828,0.095748,1
"376",376,"YANK.7.7",0,"YANK.7",7,"YANK",0.72332,0.512764,0.407172,0.436074,0.44596,0.456965,0.4679,0.474814,0.478041,0.486807,0.477199,0.15415,0.0688124,0.0408276,0.0887189,0.0969232,0.0999864,0.0964128,0.0956934,0.101647,0.103635,0.104789,0
"377",377,"YANK.8.8",2,"YANK.8",8,"YANK",0.596838,0.462819,0.410483,0.415041,0.44191,0.464058,0.473056,0.478886,0.472616,0.484076,0.480361,0.0118577,0.0466149,0.0441379,0.0781389,0.095431,0.0977726,0.097113,0.0948093,0.0990231,0.101852,0.101079,1
"378",378,"YANK.9.9",0,"YANK.9",9,"YANK",0.770751,0.501665,0.393103,0.395411,0.382221,0.380924,0.401598,0.409716,0.41462,0.431658,0.437852,0.00395257,0.0921199,0.170207,0.127087,0.123357,0.109972,0.103352,0.0988111,0.0928884,0.0887226,0.0881571,0
